/*
 Navicat Premium Data Transfer

 Source Server         : root
 Source Server Type    : MariaDB
 Source Server Version : 100134
 Source Host           : localhost:3306
 Source Schema         : cmsz

 Target Server Type    : MariaDB
 Target Server Version : 100134
 File Encoding         : 65001

 Date: 22/02/2020 08:45:51
*/

SET NAMES utf8mb4;
SET FOREIGN_KEY_CHECKS = 0;

-- ----------------------------
-- Table structure for ci_sessions
-- ----------------------------
DROP TABLE IF EXISTS `ci_sessions`;
CREATE TABLE `ci_sessions`  (
  `id` varchar(128) CHARACTER SET latin1 COLLATE latin1_swedish_ci NOT NULL,
  `ip_address` varchar(45) CHARACTER SET latin1 COLLATE latin1_swedish_ci NOT NULL,
  `timestamp` int(10) UNSIGNED NOT NULL DEFAULT 0,
  `data` blob NOT NULL,
  INDEX `ci_sessions_timestamp`(`timestamp`) USING BTREE
) ENGINE = InnoDB CHARACTER SET = latin1 COLLATE = latin1_swedish_ci ROW_FORMAT = Compact;

-- ----------------------------
-- Records of ci_sessions
-- ----------------------------
INSERT INTO `ci_sessions` VALUES ('muuhevniois53eq1kvsueda3j6umq5th', '::1', 1582309111, 0x5F5F63695F6C6173745F726567656E65726174657C693A313538323330383931333B69645F757365727C733A313A2232223B69645F6C6576656C7C733A313A2232223B6C6F67696E5F7374617475737C623A313B);
INSERT INTO `ci_sessions` VALUES ('2jva25v20h7j1d8bk63ndf8g7p12ppov', '::1', 1582309586, 0x5F5F63695F6C6173745F726567656E65726174657C693A313538323330393332393B69645F757365727C733A313A2232223B69645F6C6576656C7C733A313A2232223B6C6F67696E5F7374617475737C623A313B);
INSERT INTO `ci_sessions` VALUES ('1s1v8bu1qlvppa92jg8dh5a9buu2vi31', '::1', 1582309891, 0x5F5F63695F6C6173745F726567656E65726174657C693A313538323330393633383B69645F757365727C733A313A2232223B69645F6C6576656C7C733A313A2232223B6C6F67696E5F7374617475737C623A313B);
INSERT INTO `ci_sessions` VALUES ('diuhu9kklrjbolojr3g9gvn2qgru0vhp', '::1', 1582310220, 0x5F5F63695F6C6173745F726567656E65726174657C693A313538323331303030393B69645F757365727C733A313A2232223B69645F6C6576656C7C733A313A2232223B6C6F67696E5F7374617475737C623A313B);
INSERT INTO `ci_sessions` VALUES ('th7jvgk8dviusqehg7gmg274l9r98rl6', '::1', 1582310476, 0x5F5F63695F6C6173745F726567656E65726174657C693A313538323331303437363B69645F757365727C733A313A2232223B69645F6C6576656C7C733A313A2232223B6C6F67696E5F7374617475737C623A313B);
INSERT INTO `ci_sessions` VALUES ('upb1a2d7a2i4jddv4eq5k89njdr7240r', '::1', 1582310919, 0x5F5F63695F6C6173745F726567656E65726174657C693A313538323331303930353B69645F757365727C733A313A2232223B69645F6C6576656C7C733A313A2232223B6C6F67696E5F7374617475737C623A313B);
INSERT INTO `ci_sessions` VALUES ('cn33rvhskeq40vut9nhusd3eld8ns2tu', '::1', 1582312798, 0x5F5F63695F6C6173745F726567656E65726174657C693A313538323331323539393B69645F757365727C733A313A2232223B69645F6C6576656C7C733A313A2232223B6C6F67696E5F7374617475737C623A313B);
INSERT INTO `ci_sessions` VALUES ('brajm8g7iu65nve1b0cisi490l3mejh0', '::1', 1582313332, 0x5F5F63695F6C6173745F726567656E65726174657C693A313538323331333132373B69645F757365727C733A313A2232223B69645F6C6576656C7C733A313A2232223B6C6F67696E5F7374617475737C623A313B);
INSERT INTO `ci_sessions` VALUES ('tbqn21k2ulitcj04iqc7kc3l325siks8', '::1', 1582313701, 0x5F5F63695F6C6173745F726567656E65726174657C693A313538323331333433303B69645F757365727C733A313A2232223B69645F6C6576656C7C733A313A2232223B6C6F67696E5F7374617475737C623A313B);
INSERT INTO `ci_sessions` VALUES ('f827otfbllbtura3mo7f2agtj2tagcjs', '::1', 1582314372, 0x5F5F63695F6C6173745F726567656E65726174657C693A313538323331343037373B69645F757365727C733A313A2232223B69645F6C6576656C7C733A313A2232223B6C6F67696E5F7374617475737C623A313B);
INSERT INTO `ci_sessions` VALUES ('r4al1a8iglnat4mcenhniuhftgjg4p9m', '::1', 1582315538, 0x5F5F63695F6C6173745F726567656E65726174657C693A313538323331353235393B69645F757365727C733A313A2232223B69645F6C6576656C7C733A313A2232223B6C6F67696E5F7374617475737C623A313B);
INSERT INTO `ci_sessions` VALUES ('ulnp3uf2o21qeiubot76u8mkjeg2ten0', '::1', 1582315796, 0x5F5F63695F6C6173745F726567656E65726174657C693A313538323331353538383B69645F757365727C733A313A2232223B69645F6C6576656C7C733A313A2232223B6C6F67696E5F7374617475737C623A313B);
INSERT INTO `ci_sessions` VALUES ('intmdapec7u4jeg28fa7fmgc7901leev', '::1', 1582316104, 0x5F5F63695F6C6173745F726567656E65726174657C693A313538323331353839373B69645F757365727C733A313A2232223B69645F6C6576656C7C733A313A2232223B6C6F67696E5F7374617475737C623A313B);
INSERT INTO `ci_sessions` VALUES ('37tdvo16inmalrajk2j1cub3pb1rd3c4', '::1', 1582316242, 0x5F5F63695F6C6173745F726567656E65726174657C693A313538323331363232333B69645F757365727C733A313A2232223B69645F6C6576656C7C733A313A2232223B6C6F67696E5F7374617475737C623A313B);
INSERT INTO `ci_sessions` VALUES ('vjfdc71n55sifrqr1dcng04pjmdp49l7', '::1', 1582316837, 0x5F5F63695F6C6173745F726567656E65726174657C693A313538323331363537343B69645F757365727C733A313A2232223B69645F6C6576656C7C733A313A2232223B6C6F67696E5F7374617475737C623A313B);
INSERT INTO `ci_sessions` VALUES ('4d3vvf77uoorph3m57q724a2k1l6q7l1', '::1', 1582317196, 0x5F5F63695F6C6173745F726567656E65726174657C693A313538323331363930383B69645F757365727C733A313A2232223B69645F6C6576656C7C733A313A2232223B6C6F67696E5F7374617475737C623A313B);
INSERT INTO `ci_sessions` VALUES ('u3ge4kih3vommn3bmja2t9ogv7van9n4', '::1', 1582317498, 0x5F5F63695F6C6173745F726567656E65726174657C693A313538323331373231313B69645F757365727C733A313A2232223B69645F6C6576656C7C733A313A2232223B6C6F67696E5F7374617475737C623A313B);
INSERT INTO `ci_sessions` VALUES ('q2kcolasr1uut7msue90ojsrujg3le55', '::1', 1582317783, 0x5F5F63695F6C6173745F726567656E65726174657C693A313538323331373532343B69645F757365727C733A313A2232223B69645F6C6576656C7C733A313A2232223B6C6F67696E5F7374617475737C623A313B);
INSERT INTO `ci_sessions` VALUES ('62cnbkiesa9vh34ehcc2ib8l90350g4e', '::1', 1582318054, 0x5F5F63695F6C6173745F726567656E65726174657C693A313538323331373832393B69645F757365727C733A313A2232223B69645F6C6576656C7C733A313A2232223B6C6F67696E5F7374617475737C623A313B);
INSERT INTO `ci_sessions` VALUES ('le4s0v6imp7hb74df31vodlbpe8r9029', '::1', 1582318472, 0x5F5F63695F6C6173745F726567656E65726174657C693A313538323331383233333B69645F757365727C733A313A2232223B69645F6C6576656C7C733A313A2232223B6C6F67696E5F7374617475737C623A313B);
INSERT INTO `ci_sessions` VALUES ('f2rop4guqbct1t7b9986rcniskqvu49v', '::1', 1582318600, 0x5F5F63695F6C6173745F726567656E65726174657C693A313538323331383630303B69645F757365727C733A313A2232223B69645F6C6576656C7C733A313A2232223B6C6F67696E5F7374617475737C623A313B);
INSERT INTO `ci_sessions` VALUES ('rr8kvfd8tfp3rp5gu3r13oaabb6r4vnf', '::1', 1582319552, 0x5F5F63695F6C6173745F726567656E65726174657C693A313538323331393330373B69645F757365727C733A313A2232223B69645F6C6576656C7C733A313A2232223B6C6F67696E5F7374617475737C623A313B);
INSERT INTO `ci_sessions` VALUES ('10sr27eoop8nvrgmg0jha2vnvj5e91p0', '::1', 1582319952, 0x5F5F63695F6C6173745F726567656E65726174657C693A313538323331393935323B69645F757365727C733A313A2232223B69645F6C6576656C7C733A313A2232223B6C6F67696E5F7374617475737C623A313B);
INSERT INTO `ci_sessions` VALUES ('acicre5nin8k6j4douup0l0o1iautej8', '::1', 1582320966, 0x5F5F63695F6C6173745F726567656E65726174657C693A313538323332303735313B69645F757365727C733A313A2232223B69645F6C6576656C7C733A313A2232223B6C6F67696E5F7374617475737C623A313B);
INSERT INTO `ci_sessions` VALUES ('iqiifoa2ppvq3d7dfa0p5flfgkt662mc', '::1', 1582321519, 0x5F5F63695F6C6173745F726567656E65726174657C693A313538323332313232313B69645F757365727C733A313A2231223B69645F6C6576656C7C733A313A2231223B6C6F67696E5F7374617475737C623A313B);
INSERT INTO `ci_sessions` VALUES ('qv2is7e3aok2jjhbrc7ov1r295eur667', '::1', 1582321926, 0x5F5F63695F6C6173745F726567656E65726174657C693A313538323332313735343B69645F757365727C733A313A2231223B69645F6C6576656C7C733A313A2231223B6C6F67696E5F7374617475737C623A313B);
INSERT INTO `ci_sessions` VALUES ('ebkgt47f2s72sene1im0jt0ghr5m9nqs', '::1', 1582322229, 0x5F5F63695F6C6173745F726567656E65726174657C693A313538323332323038373B69645F757365727C733A313A2231223B69645F6C6576656C7C733A313A2231223B6C6F67696E5F7374617475737C623A313B);
INSERT INTO `ci_sessions` VALUES ('5cf4qahbcg8o1bhm4m4kbr4ei6ptgd2s', '::1', 1582322507, 0x5F5F63695F6C6173745F726567656E65726174657C693A313538323332323432363B69645F757365727C733A313A2231223B69645F6C6576656C7C733A313A2231223B6C6F67696E5F7374617475737C623A313B);
INSERT INTO `ci_sessions` VALUES ('14i8rin6dg90uio4mdsabu2lu7o2i8dc', '::1', 1582323043, 0x5F5F63695F6C6173745F726567656E65726174657C693A313538323332323830343B69645F757365727C733A313A2231223B69645F6C6576656C7C733A313A2231223B6C6F67696E5F7374617475737C623A313B);
INSERT INTO `ci_sessions` VALUES ('hrkago03ettvtjv7d469iqgqf9bn1b97', '::1', 1582323180, 0x5F5F63695F6C6173745F726567656E65726174657C693A313538323332333138303B69645F757365727C733A313A2231223B69645F6C6576656C7C733A313A2231223B6C6F67696E5F7374617475737C623A313B);
INSERT INTO `ci_sessions` VALUES ('8ll8t5s75hdn2a01st8qf55gvs3bmc0a', '::1', 1582324225, 0x5F5F63695F6C6173745F726567656E65726174657C693A313538323332333938323B69645F757365727C733A313A2231223B69645F6C6576656C7C733A313A2231223B6C6F67696E5F7374617475737C623A313B);
INSERT INTO `ci_sessions` VALUES ('3v1g4cf0jflnal86f83bddn1fhu58d4n', '::1', 1582324430, 0x5F5F63695F6C6173745F726567656E65726174657C693A313538323332343330363B69645F757365727C733A313A2231223B69645F6C6576656C7C733A313A2231223B6C6F67696E5F7374617475737C623A313B);
INSERT INTO `ci_sessions` VALUES ('95so468rnt4ki9ae7ovql9sctjsvjbi0', '::1', 1582325446, 0x5F5F63695F6C6173745F726567656E65726174657C693A313538323332353136313B69645F757365727C733A313A2231223B69645F6C6576656C7C733A313A2231223B6C6F67696E5F7374617475737C623A313B);
INSERT INTO `ci_sessions` VALUES ('ks3brnmktf9c0mi12kkjj90217cd4cc9', '::1', 1582325740, 0x5F5F63695F6C6173745F726567656E65726174657C693A313538323332353533313B69645F757365727C733A313A2231223B69645F6C6576656C7C733A313A2231223B6C6F67696E5F7374617475737C623A313B);
INSERT INTO `ci_sessions` VALUES ('6qpjaou3ko69deucubn25f59mqc60jsk', '::1', 1582326126, 0x5F5F63695F6C6173745F726567656E65726174657C693A313538323332353931383B69645F757365727C733A313A2231223B69645F6C6576656C7C733A313A2231223B6C6F67696E5F7374617475737C623A313B);
INSERT INTO `ci_sessions` VALUES ('34oihc3q0mtslmjei7rnkk1csmem9ei4', '::1', 1582326560, 0x5F5F63695F6C6173745F726567656E65726174657C693A313538323332363436383B69645F757365727C733A313A2231223B69645F6C6576656C7C733A313A2231223B6C6F67696E5F7374617475737C623A313B);
INSERT INTO `ci_sessions` VALUES ('8e42j96qdg0ptkc2p81uepg97vk2atkf', '::1', 1582327215, 0x5F5F63695F6C6173745F726567656E65726174657C693A313538323332363932383B69645F757365727C733A313A2231223B69645F6C6576656C7C733A313A2231223B6C6F67696E5F7374617475737C623A313B);
INSERT INTO `ci_sessions` VALUES ('sjbv31gfg8ttsmjjrqd4sjuj6uh1rmq9', '::1', 1582328439, 0x5F5F63695F6C6173745F726567656E65726174657C693A313538323332373238363B69645F757365727C733A313A2231223B69645F6C6576656C7C733A313A2231223B6C6F67696E5F7374617475737C623A313B);
INSERT INTO `ci_sessions` VALUES ('37kgbhf1iauc27q1e2ai7fi421fe8flt', '::1', 1582328551, 0x5F5F63695F6C6173745F726567656E65726174657C693A313538323332383437383B69645F757365727C733A313A2231223B69645F6C6576656C7C733A313A2231223B6C6F67696E5F7374617475737C623A313B);
INSERT INTO `ci_sessions` VALUES ('nilf70sd1ae2gt9asgdl3hdilo0vfr48', '::1', 1582329854, 0x5F5F63695F6C6173745F726567656E65726174657C693A313538323332393535383B69645F757365727C733A313A2231223B69645F6C6576656C7C733A313A2231223B6C6F67696E5F7374617475737C623A313B);
INSERT INTO `ci_sessions` VALUES ('5ivtfb4d3h97l9bccbdol1kse4em4p6o', '::1', 1582330133, 0x5F5F63695F6C6173745F726567656E65726174657C693A313538323332393837303B69645F757365727C733A313A2231223B69645F6C6576656C7C733A313A2231223B6C6F67696E5F7374617475737C623A313B);
INSERT INTO `ci_sessions` VALUES ('tadqui7hp47v7mg5ocmgsau3vbhn8ink', '::1', 1582330438, 0x5F5F63695F6C6173745F726567656E65726174657C693A313538323333303433383B69645F757365727C733A313A2231223B69645F6C6576656C7C733A313A2231223B6C6F67696E5F7374617475737C623A313B);
INSERT INTO `ci_sessions` VALUES ('ujhd67b68enmldin6ipngdcufr8e2efb', '::1', 1582330933, 0x5F5F63695F6C6173745F726567656E65726174657C693A313538323333303734393B69645F757365727C733A313A2231223B69645F6C6576656C7C733A313A2231223B6C6F67696E5F7374617475737C623A313B);
INSERT INTO `ci_sessions` VALUES ('h309k8s0bnm0fuo6at5no13mv81cdfqi', '::1', 1582331246, 0x5F5F63695F6C6173745F726567656E65726174657C693A313538323333313234363B69645F757365727C733A313A2231223B69645F6C6576656C7C733A313A2231223B6C6F67696E5F7374617475737C623A313B);
INSERT INTO `ci_sessions` VALUES ('fcuunn6barghdt43tc4q8vkb58r8uekd', '::1', 1582331877, 0x5F5F63695F6C6173745F726567656E65726174657C693A313538323333313632383B69645F757365727C733A313A2231223B69645F6C6576656C7C733A313A2231223B6C6F67696E5F7374617475737C623A313B);
INSERT INTO `ci_sessions` VALUES ('o5elgpvj2foe3v0tie2v7i78s5ariotd', '::1', 1582332228, 0x5F5F63695F6C6173745F726567656E65726174657C693A313538323333313933323B69645F757365727C733A313A2231223B69645F6C6576656C7C733A313A2231223B6C6F67696E5F7374617475737C623A313B);
INSERT INTO `ci_sessions` VALUES ('6ft84ofarejg75g6tvnr4qjtulqgegmq', '::1', 1582332298, 0x5F5F63695F6C6173745F726567656E65726174657C693A313538323333323239383B69645F757365727C733A313A2231223B69645F6C6576656C7C733A313A2231223B6C6F67696E5F7374617475737C623A313B);

-- ----------------------------
-- Table structure for ci_user_login
-- ----------------------------
DROP TABLE IF EXISTS `ci_user_login`;
CREATE TABLE `ci_user_login`  (
  `di_user_log` int(11) NOT NULL AUTO_INCREMENT,
  `id_user` int(11) NOT NULL,
  `status` enum('login','logout') CHARACTER SET latin1 COLLATE latin1_swedish_ci NULL DEFAULT NULL,
  `ip_address` varchar(50) CHARACTER SET latin1 COLLATE latin1_swedish_ci NULL DEFAULT NULL,
  `user_agent` varchar(255) CHARACTER SET latin1 COLLATE latin1_swedish_ci NULL DEFAULT NULL,
  `date_time` datetime(0) NULL DEFAULT NULL,
  PRIMARY KEY (`di_user_log`) USING BTREE
) ENGINE = InnoDB AUTO_INCREMENT = 6 CHARACTER SET = latin1 COLLATE = latin1_swedish_ci ROW_FORMAT = Compact;

-- ----------------------------
-- Records of ci_user_login
-- ----------------------------
INSERT INTO `ci_user_login` VALUES (1, 2, 'login', '::1', 'Windows 10 - Chrome 80.0.3987.106', '2020-02-21 22:30:10');
INSERT INTO `ci_user_login` VALUES (2, 2, 'logout', '::1', 'Windows 10 - Chrome 80.0.3987.106', '2020-02-21 22:32:31');
INSERT INTO `ci_user_login` VALUES (3, 2, 'login', '::1', 'Windows 10 - Chrome 80.0.3987.106', '2020-02-21 22:36:06');
INSERT INTO `ci_user_login` VALUES (4, 2, 'logout', '::1', 'Windows 10 - Chrome 80.0.3987.106', '2020-02-21 22:40:21');
INSERT INTO `ci_user_login` VALUES (5, 1, 'login', '::1', 'Windows 10 - Chrome 80.0.3987.106', '2020-02-21 22:41:05');

-- ----------------------------
-- Table structure for config_system
-- ----------------------------
DROP TABLE IF EXISTS `config_system`;
CREATE TABLE `config_system`  (
  `id` int(11) NOT NULL,
  `name` varchar(255) CHARACTER SET latin1 COLLATE latin1_swedish_ci NULL DEFAULT NULL,
  `slug` varchar(255) CHARACTER SET latin1 COLLATE latin1_swedish_ci NULL DEFAULT NULL,
  `value` varchar(255) CHARACTER SET latin1 COLLATE latin1_swedish_ci NULL DEFAULT NULL,
  `status` enum('0','1') CHARACTER SET latin1 COLLATE latin1_swedish_ci NULL DEFAULT '0',
  PRIMARY KEY (`id`) USING BTREE
) ENGINE = InnoDB CHARACTER SET = latin1 COLLATE = latin1_swedish_ci ROW_FORMAT = Compact;

-- ----------------------------
-- Records of config_system
-- ----------------------------
INSERT INTO `config_system` VALUES (1, 'title', 'title', 'cms gue', '0');
INSERT INTO `config_system` VALUES (2, 'telepon', 'telepon', '085288882994', '0');
INSERT INTO `config_system` VALUES (3, 'email', 'email', 'mpampam5@mail.com', '0');
INSERT INTO `config_system` VALUES (4, 'domain', 'domain', 'www.tester.com', '0');
INSERT INTO `config_system` VALUES (5, 'alamat', 'alamat', 'jl. muhajirin raya', '0');
INSERT INTO `config_system` VALUES (50, 'status_smtp', 'status_smtp', NULL, '0');
INSERT INTO `config_system` VALUES (51, 'email_smtp', 'email_smtp', 'mpampam5@gmail.com', '0');
INSERT INTO `config_system` VALUES (52, 'host_smtp', 'host_smtp', 'ssl://niagahoster.com', '0');
INSERT INTO `config_system` VALUES (53, 'port_smtp', 'port_smtp', '465', '0');
INSERT INTO `config_system` VALUES (54, 'password_smtp', 'password_smtp', 'A1kA1DfFtZ0EimcxcDlhVj9VA1G8Idd7l5Iktqj2jxhDW6+v08X5BTguLYpiYu305oU2POZY1AGwL/1BEnOa5g==', '0');
INSERT INTO `config_system` VALUES (100, 'key token', 'key_token', 'indonesia', '0');
INSERT INTO `config_system` VALUES (999, 'maintenance', 'maintenance', NULL, '0');

-- ----------------------------
-- Table structure for level
-- ----------------------------
DROP TABLE IF EXISTS `level`;
CREATE TABLE `level`  (
  `id_level` int(11) NOT NULL AUTO_INCREMENT,
  `level` varchar(255) CHARACTER SET latin1 COLLATE latin1_swedish_ci NULL DEFAULT NULL,
  `slug` varchar(255) CHARACTER SET latin1 COLLATE latin1_swedish_ci NULL DEFAULT NULL,
  `created` datetime(0) NULL DEFAULT NULL,
  `modified` datetime(0) NULL DEFAULT NULL,
  `is_delete` enum('0','1') CHARACTER SET latin1 COLLATE latin1_swedish_ci NULL DEFAULT '0',
  PRIMARY KEY (`id_level`) USING BTREE
) ENGINE = InnoDB AUTO_INCREMENT = 4 CHARACTER SET = latin1 COLLATE = latin1_swedish_ci ROW_FORMAT = Compact;

-- ----------------------------
-- Records of level
-- ----------------------------
INSERT INTO `level` VALUES (1, 'xadmin', 'xadmin', '2020-02-14 00:03:45', NULL, '0');
INSERT INTO `level` VALUES (2, 'superadmin', 'superadmin', '2020-02-14 00:00:08', '0000-00-00 00:00:00', '0');
INSERT INTO `level` VALUES (3, 'admin', 'admin', '2020-02-14 00:00:41', '0000-00-00 00:00:00', '0');

-- ----------------------------
-- Table structure for main_menu
-- ----------------------------
DROP TABLE IF EXISTS `main_menu`;
CREATE TABLE `main_menu`  (
  `id_menu` int(11) NULL DEFAULT NULL,
  `is_parent` int(11) NULL DEFAULT NULL,
  `menu` varchar(50) CHARACTER SET latin1 COLLATE latin1_swedish_ci NULL DEFAULT NULL,
  `slug` varchar(50) CHARACTER SET latin1 COLLATE latin1_swedish_ci NULL DEFAULT NULL,
  `controller` varchar(50) CHARACTER SET latin1 COLLATE latin1_swedish_ci NULL DEFAULT NULL,
  `icon` varchar(50) CHARACTER SET latin1 COLLATE latin1_swedish_ci NULL DEFAULT NULL,
  `is_active` enum('0','1') CHARACTER SET latin1 COLLATE latin1_swedish_ci NULL DEFAULT NULL,
  `sort` int(11) NULL DEFAULT NULL,
  `created` datetime(0) NULL DEFAULT NULL,
  `modified` datetime(0) NULL DEFAULT NULL
) ENGINE = InnoDB CHARACTER SET = latin1 COLLATE = latin1_swedish_ci ROW_FORMAT = Compact;

-- ----------------------------
-- Records of main_menu
-- ----------------------------
INSERT INTO `main_menu` VALUES (1, 0, 'administrator', 'administrator', 'administrator', NULL, '1', 1, '2020-02-22 03:44:16', NULL);
INSERT INTO `main_menu` VALUES (2, 0, 'level', 'level', 'level', NULL, '1', 2, '2020-02-16 03:45:24', NULL);
INSERT INTO `main_menu` VALUES (3, 2, 'sub menu level', 'sub-level', 'sub_level', NULL, '1', 3, '2020-02-15 06:48:31', NULL);

-- ----------------------------
-- Table structure for rule_level
-- ----------------------------
DROP TABLE IF EXISTS `rule_level`;
CREATE TABLE `rule_level`  (
  `id_rule_level` int(11) NOT NULL AUTO_INCREMENT,
  `id_level` int(11) NULL DEFAULT NULL,
  `main_menu` varchar(255) CHARACTER SET latin1 COLLATE latin1_swedish_ci NULL DEFAULT NULL,
  PRIMARY KEY (`id_rule_level`) USING BTREE
) ENGINE = InnoDB AUTO_INCREMENT = 3 CHARACTER SET = latin1 COLLATE = latin1_swedish_ci ROW_FORMAT = Compact;

-- ----------------------------
-- Records of rule_level
-- ----------------------------
INSERT INTO `rule_level` VALUES (1, 1, 'dashboards');
INSERT INTO `rule_level` VALUES (2, 1, 'administrator');
INSERT INTO `rule_level` VALUES (3, 1, 'level');

-- ----------------------------
-- Table structure for user
-- ----------------------------
DROP TABLE IF EXISTS `user`;
CREATE TABLE `user`  (
  `id_user` int(11) NOT NULL AUTO_INCREMENT,
  `nama` varchar(255) CHARACTER SET latin1 COLLATE latin1_swedish_ci NULL DEFAULT NULL,
  `email` varchar(255) CHARACTER SET latin1 COLLATE latin1_swedish_ci NULL DEFAULT NULL,
  `password` varchar(255) CHARACTER SET latin1 COLLATE latin1_swedish_ci NULL DEFAULT NULL,
  `token` varchar(255) CHARACTER SET latin1 COLLATE latin1_swedish_ci NULL DEFAULT NULL,
  `is_active` enum('0','1') CHARACTER SET latin1 COLLATE latin1_swedish_ci NULL DEFAULT '1',
  `created` datetime(0) NULL DEFAULT NULL,
  `modified` datetime(0) NULL DEFAULT NULL,
  `is_delete` enum('0','1') CHARACTER SET latin1 COLLATE latin1_swedish_ci NULL DEFAULT '0',
  PRIMARY KEY (`id_user`) USING BTREE
) ENGINE = InnoDB AUTO_INCREMENT = 8 CHARACTER SET = latin1 COLLATE = latin1_swedish_ci ROW_FORMAT = Compact;

-- ----------------------------
-- Records of user
-- ----------------------------
INSERT INTO `user` VALUES (1, 'superadmin', 'mpampam@mail.com', '$2y$10$Qhp//ouyM9EEnNXgndBEIeJabxu.KOy8BcLlned2ssvXZWV2Xf0uO', 'mpampam20200218194251', '1', '2020-02-14 00:01:19', NULL, '0');
INSERT INTO `user` VALUES (2, 'Admin Web', 'admin@mail.com', '$2y$10$Qhp//ouyM9EEnNXgndBEIeJabxu.KOy8BcLlned2ssvXZWV2Xf0uO', 'mpampam20200218194251', '1', '2020-02-16 05:29:03', '2020-02-18 19:42:51', '0');

-- ----------------------------
-- Table structure for user_level
-- ----------------------------
DROP TABLE IF EXISTS `user_level`;
CREATE TABLE `user_level`  (
  `id_user_level` int(11) NOT NULL AUTO_INCREMENT,
  `id_user` int(11) NOT NULL,
  `id_level` int(11) NULL DEFAULT NULL,
  PRIMARY KEY (`id_user_level`) USING BTREE
) ENGINE = InnoDB AUTO_INCREMENT = 8 CHARACTER SET = latin1 COLLATE = latin1_swedish_ci ROW_FORMAT = Compact;

-- ----------------------------
-- Records of user_level
-- ----------------------------
INSERT INTO `user_level` VALUES (1, 1, 1);
INSERT INTO `user_level` VALUES (2, 2, 2);

SET FOREIGN_KEY_CHECKS = 1;
