/*
 Navicat Premium Data Transfer

 Source Server         : localhost
 Source Server Type    : MySQL
 Source Server Version : 100110
 Source Host           : localhost:3306
 Source Schema         : cms

 Target Server Type    : MySQL
 Target Server Version : 100110
 File Encoding         : 65001

 Date: 04/03/2020 01:42:47
*/

SET NAMES utf8mb4;
SET FOREIGN_KEY_CHECKS = 0;

-- ----------------------------
-- Table structure for ci_sessions
-- ----------------------------
DROP TABLE IF EXISTS `ci_sessions`;
CREATE TABLE `ci_sessions`  (
  `id` varchar(128) CHARACTER SET latin1 COLLATE latin1_swedish_ci NOT NULL,
  `ip_address` varchar(45) CHARACTER SET latin1 COLLATE latin1_swedish_ci NOT NULL,
  `timestamp` int(10) UNSIGNED NOT NULL DEFAULT 0,
  `data` blob NOT NULL,
  INDEX `ci_sessions_timestamp`(`timestamp`) USING BTREE
) ENGINE = InnoDB CHARACTER SET = latin1 COLLATE = latin1_swedish_ci ROW_FORMAT = Compact;

-- ----------------------------
-- Records of ci_sessions
-- ----------------------------
INSERT INTO `ci_sessions` VALUES ('muuhevniois53eq1kvsueda3j6umq5th', '::1', 1582309111, 0x5F5F63695F6C6173745F726567656E65726174657C693A313538323330383931333B69645F757365727C733A313A2232223B69645F6C6576656C7C733A313A2232223B6C6F67696E5F7374617475737C623A313B);
INSERT INTO `ci_sessions` VALUES ('2jva25v20h7j1d8bk63ndf8g7p12ppov', '::1', 1582309586, 0x5F5F63695F6C6173745F726567656E65726174657C693A313538323330393332393B69645F757365727C733A313A2232223B69645F6C6576656C7C733A313A2232223B6C6F67696E5F7374617475737C623A313B);
INSERT INTO `ci_sessions` VALUES ('1s1v8bu1qlvppa92jg8dh5a9buu2vi31', '::1', 1582309891, 0x5F5F63695F6C6173745F726567656E65726174657C693A313538323330393633383B69645F757365727C733A313A2232223B69645F6C6576656C7C733A313A2232223B6C6F67696E5F7374617475737C623A313B);
INSERT INTO `ci_sessions` VALUES ('diuhu9kklrjbolojr3g9gvn2qgru0vhp', '::1', 1582310220, 0x5F5F63695F6C6173745F726567656E65726174657C693A313538323331303030393B69645F757365727C733A313A2232223B69645F6C6576656C7C733A313A2232223B6C6F67696E5F7374617475737C623A313B);
INSERT INTO `ci_sessions` VALUES ('th7jvgk8dviusqehg7gmg274l9r98rl6', '::1', 1582310476, 0x5F5F63695F6C6173745F726567656E65726174657C693A313538323331303437363B69645F757365727C733A313A2232223B69645F6C6576656C7C733A313A2232223B6C6F67696E5F7374617475737C623A313B);
INSERT INTO `ci_sessions` VALUES ('upb1a2d7a2i4jddv4eq5k89njdr7240r', '::1', 1582310919, 0x5F5F63695F6C6173745F726567656E65726174657C693A313538323331303930353B69645F757365727C733A313A2232223B69645F6C6576656C7C733A313A2232223B6C6F67696E5F7374617475737C623A313B);
INSERT INTO `ci_sessions` VALUES ('cn33rvhskeq40vut9nhusd3eld8ns2tu', '::1', 1582312798, 0x5F5F63695F6C6173745F726567656E65726174657C693A313538323331323539393B69645F757365727C733A313A2232223B69645F6C6576656C7C733A313A2232223B6C6F67696E5F7374617475737C623A313B);
INSERT INTO `ci_sessions` VALUES ('brajm8g7iu65nve1b0cisi490l3mejh0', '::1', 1582313332, 0x5F5F63695F6C6173745F726567656E65726174657C693A313538323331333132373B69645F757365727C733A313A2232223B69645F6C6576656C7C733A313A2232223B6C6F67696E5F7374617475737C623A313B);
INSERT INTO `ci_sessions` VALUES ('tbqn21k2ulitcj04iqc7kc3l325siks8', '::1', 1582313701, 0x5F5F63695F6C6173745F726567656E65726174657C693A313538323331333433303B69645F757365727C733A313A2232223B69645F6C6576656C7C733A313A2232223B6C6F67696E5F7374617475737C623A313B);
INSERT INTO `ci_sessions` VALUES ('f827otfbllbtura3mo7f2agtj2tagcjs', '::1', 1582314372, 0x5F5F63695F6C6173745F726567656E65726174657C693A313538323331343037373B69645F757365727C733A313A2232223B69645F6C6576656C7C733A313A2232223B6C6F67696E5F7374617475737C623A313B);
INSERT INTO `ci_sessions` VALUES ('r4al1a8iglnat4mcenhniuhftgjg4p9m', '::1', 1582315538, 0x5F5F63695F6C6173745F726567656E65726174657C693A313538323331353235393B69645F757365727C733A313A2232223B69645F6C6576656C7C733A313A2232223B6C6F67696E5F7374617475737C623A313B);
INSERT INTO `ci_sessions` VALUES ('ulnp3uf2o21qeiubot76u8mkjeg2ten0', '::1', 1582315796, 0x5F5F63695F6C6173745F726567656E65726174657C693A313538323331353538383B69645F757365727C733A313A2232223B69645F6C6576656C7C733A313A2232223B6C6F67696E5F7374617475737C623A313B);
INSERT INTO `ci_sessions` VALUES ('intmdapec7u4jeg28fa7fmgc7901leev', '::1', 1582316104, 0x5F5F63695F6C6173745F726567656E65726174657C693A313538323331353839373B69645F757365727C733A313A2232223B69645F6C6576656C7C733A313A2232223B6C6F67696E5F7374617475737C623A313B);
INSERT INTO `ci_sessions` VALUES ('37tdvo16inmalrajk2j1cub3pb1rd3c4', '::1', 1582316242, 0x5F5F63695F6C6173745F726567656E65726174657C693A313538323331363232333B69645F757365727C733A313A2232223B69645F6C6576656C7C733A313A2232223B6C6F67696E5F7374617475737C623A313B);
INSERT INTO `ci_sessions` VALUES ('vjfdc71n55sifrqr1dcng04pjmdp49l7', '::1', 1582316837, 0x5F5F63695F6C6173745F726567656E65726174657C693A313538323331363537343B69645F757365727C733A313A2232223B69645F6C6576656C7C733A313A2232223B6C6F67696E5F7374617475737C623A313B);
INSERT INTO `ci_sessions` VALUES ('4d3vvf77uoorph3m57q724a2k1l6q7l1', '::1', 1582317196, 0x5F5F63695F6C6173745F726567656E65726174657C693A313538323331363930383B69645F757365727C733A313A2232223B69645F6C6576656C7C733A313A2232223B6C6F67696E5F7374617475737C623A313B);
INSERT INTO `ci_sessions` VALUES ('u3ge4kih3vommn3bmja2t9ogv7van9n4', '::1', 1582317498, 0x5F5F63695F6C6173745F726567656E65726174657C693A313538323331373231313B69645F757365727C733A313A2232223B69645F6C6576656C7C733A313A2232223B6C6F67696E5F7374617475737C623A313B);
INSERT INTO `ci_sessions` VALUES ('q2kcolasr1uut7msue90ojsrujg3le55', '::1', 1582317783, 0x5F5F63695F6C6173745F726567656E65726174657C693A313538323331373532343B69645F757365727C733A313A2232223B69645F6C6576656C7C733A313A2232223B6C6F67696E5F7374617475737C623A313B);
INSERT INTO `ci_sessions` VALUES ('62cnbkiesa9vh34ehcc2ib8l90350g4e', '::1', 1582318054, 0x5F5F63695F6C6173745F726567656E65726174657C693A313538323331373832393B69645F757365727C733A313A2232223B69645F6C6576656C7C733A313A2232223B6C6F67696E5F7374617475737C623A313B);
INSERT INTO `ci_sessions` VALUES ('le4s0v6imp7hb74df31vodlbpe8r9029', '::1', 1582318472, 0x5F5F63695F6C6173745F726567656E65726174657C693A313538323331383233333B69645F757365727C733A313A2232223B69645F6C6576656C7C733A313A2232223B6C6F67696E5F7374617475737C623A313B);
INSERT INTO `ci_sessions` VALUES ('f2rop4guqbct1t7b9986rcniskqvu49v', '::1', 1582318600, 0x5F5F63695F6C6173745F726567656E65726174657C693A313538323331383630303B69645F757365727C733A313A2232223B69645F6C6576656C7C733A313A2232223B6C6F67696E5F7374617475737C623A313B);
INSERT INTO `ci_sessions` VALUES ('rr8kvfd8tfp3rp5gu3r13oaabb6r4vnf', '::1', 1582319552, 0x5F5F63695F6C6173745F726567656E65726174657C693A313538323331393330373B69645F757365727C733A313A2232223B69645F6C6576656C7C733A313A2232223B6C6F67696E5F7374617475737C623A313B);
INSERT INTO `ci_sessions` VALUES ('10sr27eoop8nvrgmg0jha2vnvj5e91p0', '::1', 1582319952, 0x5F5F63695F6C6173745F726567656E65726174657C693A313538323331393935323B69645F757365727C733A313A2232223B69645F6C6576656C7C733A313A2232223B6C6F67696E5F7374617475737C623A313B);
INSERT INTO `ci_sessions` VALUES ('acicre5nin8k6j4douup0l0o1iautej8', '::1', 1582320966, 0x5F5F63695F6C6173745F726567656E65726174657C693A313538323332303735313B69645F757365727C733A313A2232223B69645F6C6576656C7C733A313A2232223B6C6F67696E5F7374617475737C623A313B);
INSERT INTO `ci_sessions` VALUES ('iqiifoa2ppvq3d7dfa0p5flfgkt662mc', '::1', 1582321519, 0x5F5F63695F6C6173745F726567656E65726174657C693A313538323332313232313B69645F757365727C733A313A2231223B69645F6C6576656C7C733A313A2231223B6C6F67696E5F7374617475737C623A313B);
INSERT INTO `ci_sessions` VALUES ('qv2is7e3aok2jjhbrc7ov1r295eur667', '::1', 1582321926, 0x5F5F63695F6C6173745F726567656E65726174657C693A313538323332313735343B69645F757365727C733A313A2231223B69645F6C6576656C7C733A313A2231223B6C6F67696E5F7374617475737C623A313B);
INSERT INTO `ci_sessions` VALUES ('ebkgt47f2s72sene1im0jt0ghr5m9nqs', '::1', 1582322229, 0x5F5F63695F6C6173745F726567656E65726174657C693A313538323332323038373B69645F757365727C733A313A2231223B69645F6C6576656C7C733A313A2231223B6C6F67696E5F7374617475737C623A313B);
INSERT INTO `ci_sessions` VALUES ('5cf4qahbcg8o1bhm4m4kbr4ei6ptgd2s', '::1', 1582322507, 0x5F5F63695F6C6173745F726567656E65726174657C693A313538323332323432363B69645F757365727C733A313A2231223B69645F6C6576656C7C733A313A2231223B6C6F67696E5F7374617475737C623A313B);
INSERT INTO `ci_sessions` VALUES ('14i8rin6dg90uio4mdsabu2lu7o2i8dc', '::1', 1582323043, 0x5F5F63695F6C6173745F726567656E65726174657C693A313538323332323830343B69645F757365727C733A313A2231223B69645F6C6576656C7C733A313A2231223B6C6F67696E5F7374617475737C623A313B);
INSERT INTO `ci_sessions` VALUES ('hrkago03ettvtjv7d469iqgqf9bn1b97', '::1', 1582323180, 0x5F5F63695F6C6173745F726567656E65726174657C693A313538323332333138303B69645F757365727C733A313A2231223B69645F6C6576656C7C733A313A2231223B6C6F67696E5F7374617475737C623A313B);
INSERT INTO `ci_sessions` VALUES ('8ll8t5s75hdn2a01st8qf55gvs3bmc0a', '::1', 1582324225, 0x5F5F63695F6C6173745F726567656E65726174657C693A313538323332333938323B69645F757365727C733A313A2231223B69645F6C6576656C7C733A313A2231223B6C6F67696E5F7374617475737C623A313B);
INSERT INTO `ci_sessions` VALUES ('3v1g4cf0jflnal86f83bddn1fhu58d4n', '::1', 1582324430, 0x5F5F63695F6C6173745F726567656E65726174657C693A313538323332343330363B69645F757365727C733A313A2231223B69645F6C6576656C7C733A313A2231223B6C6F67696E5F7374617475737C623A313B);
INSERT INTO `ci_sessions` VALUES ('95so468rnt4ki9ae7ovql9sctjsvjbi0', '::1', 1582325446, 0x5F5F63695F6C6173745F726567656E65726174657C693A313538323332353136313B69645F757365727C733A313A2231223B69645F6C6576656C7C733A313A2231223B6C6F67696E5F7374617475737C623A313B);
INSERT INTO `ci_sessions` VALUES ('ks3brnmktf9c0mi12kkjj90217cd4cc9', '::1', 1582325740, 0x5F5F63695F6C6173745F726567656E65726174657C693A313538323332353533313B69645F757365727C733A313A2231223B69645F6C6576656C7C733A313A2231223B6C6F67696E5F7374617475737C623A313B);
INSERT INTO `ci_sessions` VALUES ('6qpjaou3ko69deucubn25f59mqc60jsk', '::1', 1582326126, 0x5F5F63695F6C6173745F726567656E65726174657C693A313538323332353931383B69645F757365727C733A313A2231223B69645F6C6576656C7C733A313A2231223B6C6F67696E5F7374617475737C623A313B);
INSERT INTO `ci_sessions` VALUES ('34oihc3q0mtslmjei7rnkk1csmem9ei4', '::1', 1582326560, 0x5F5F63695F6C6173745F726567656E65726174657C693A313538323332363436383B69645F757365727C733A313A2231223B69645F6C6576656C7C733A313A2231223B6C6F67696E5F7374617475737C623A313B);
INSERT INTO `ci_sessions` VALUES ('8e42j96qdg0ptkc2p81uepg97vk2atkf', '::1', 1582327215, 0x5F5F63695F6C6173745F726567656E65726174657C693A313538323332363932383B69645F757365727C733A313A2231223B69645F6C6576656C7C733A313A2231223B6C6F67696E5F7374617475737C623A313B);
INSERT INTO `ci_sessions` VALUES ('sjbv31gfg8ttsmjjrqd4sjuj6uh1rmq9', '::1', 1582328439, 0x5F5F63695F6C6173745F726567656E65726174657C693A313538323332373238363B69645F757365727C733A313A2231223B69645F6C6576656C7C733A313A2231223B6C6F67696E5F7374617475737C623A313B);
INSERT INTO `ci_sessions` VALUES ('37kgbhf1iauc27q1e2ai7fi421fe8flt', '::1', 1582328551, 0x5F5F63695F6C6173745F726567656E65726174657C693A313538323332383437383B69645F757365727C733A313A2231223B69645F6C6576656C7C733A313A2231223B6C6F67696E5F7374617475737C623A313B);
INSERT INTO `ci_sessions` VALUES ('nilf70sd1ae2gt9asgdl3hdilo0vfr48', '::1', 1582329854, 0x5F5F63695F6C6173745F726567656E65726174657C693A313538323332393535383B69645F757365727C733A313A2231223B69645F6C6576656C7C733A313A2231223B6C6F67696E5F7374617475737C623A313B);
INSERT INTO `ci_sessions` VALUES ('5ivtfb4d3h97l9bccbdol1kse4em4p6o', '::1', 1582330133, 0x5F5F63695F6C6173745F726567656E65726174657C693A313538323332393837303B69645F757365727C733A313A2231223B69645F6C6576656C7C733A313A2231223B6C6F67696E5F7374617475737C623A313B);
INSERT INTO `ci_sessions` VALUES ('tadqui7hp47v7mg5ocmgsau3vbhn8ink', '::1', 1582330438, 0x5F5F63695F6C6173745F726567656E65726174657C693A313538323333303433383B69645F757365727C733A313A2231223B69645F6C6576656C7C733A313A2231223B6C6F67696E5F7374617475737C623A313B);
INSERT INTO `ci_sessions` VALUES ('ujhd67b68enmldin6ipngdcufr8e2efb', '::1', 1582330933, 0x5F5F63695F6C6173745F726567656E65726174657C693A313538323333303734393B69645F757365727C733A313A2231223B69645F6C6576656C7C733A313A2231223B6C6F67696E5F7374617475737C623A313B);
INSERT INTO `ci_sessions` VALUES ('h309k8s0bnm0fuo6at5no13mv81cdfqi', '::1', 1582331246, 0x5F5F63695F6C6173745F726567656E65726174657C693A313538323333313234363B69645F757365727C733A313A2231223B69645F6C6576656C7C733A313A2231223B6C6F67696E5F7374617475737C623A313B);
INSERT INTO `ci_sessions` VALUES ('fcuunn6barghdt43tc4q8vkb58r8uekd', '::1', 1582331877, 0x5F5F63695F6C6173745F726567656E65726174657C693A313538323333313632383B69645F757365727C733A313A2231223B69645F6C6576656C7C733A313A2231223B6C6F67696E5F7374617475737C623A313B);
INSERT INTO `ci_sessions` VALUES ('o5elgpvj2foe3v0tie2v7i78s5ariotd', '::1', 1582332228, 0x5F5F63695F6C6173745F726567656E65726174657C693A313538323333313933323B69645F757365727C733A313A2231223B69645F6C6576656C7C733A313A2231223B6C6F67696E5F7374617475737C623A313B);
INSERT INTO `ci_sessions` VALUES ('6ft84ofarejg75g6tvnr4qjtulqgegmq', '::1', 1582332298, 0x5F5F63695F6C6173745F726567656E65726174657C693A313538323333323239383B69645F757365727C733A313A2231223B69645F6C6576656C7C733A313A2231223B6C6F67696E5F7374617475737C623A313B);
INSERT INTO `ci_sessions` VALUES ('fnflms76j828c0fl9m7b4hq4m49etiud', '::1', 1582512284, 0x5F5F63695F6C6173745F726567656E65726174657C693A313538323531323231363B69645F757365727C733A313A2231223B69645F6C6576656C7C733A313A2231223B6C6F67696E5F7374617475737C623A313B);
INSERT INTO `ci_sessions` VALUES ('tt6paeu0l74hbcb7lpba24b7tj01i7dg', '::1', 1582512845, 0x5F5F63695F6C6173745F726567656E65726174657C693A313538323531323534333B69645F757365727C733A313A2231223B69645F6C6576656C7C733A313A2231223B6C6F67696E5F7374617475737C623A313B);
INSERT INTO `ci_sessions` VALUES ('3681ejlskl5dg34rqk66u1h4mdp54btb', '::1', 1582513172, 0x5F5F63695F6C6173745F726567656E65726174657C693A313538323531323838333B69645F757365727C733A313A2231223B69645F6C6576656C7C733A313A2231223B6C6F67696E5F7374617475737C623A313B);
INSERT INTO `ci_sessions` VALUES ('1fd0jd3dcuv64cqc16psjif241ftfg8l', '::1', 1582513428, 0x5F5F63695F6C6173745F726567656E65726174657C693A313538323531333230333B69645F757365727C733A313A2231223B69645F6C6576656C7C733A313A2231223B6C6F67696E5F7374617475737C623A313B);
INSERT INTO `ci_sessions` VALUES ('hfbkmmqvharo491a2oo4b69af3shp120', '::1', 1582518105, 0x5F5F63695F6C6173745F726567656E65726174657C693A313538323531373932353B69645F757365727C733A313A2231223B69645F6C6576656C7C733A313A2231223B6C6F67696E5F7374617475737C623A313B);
INSERT INTO `ci_sessions` VALUES ('h42197j5pjb0cnmlo4gtcgeg73j3r3rc', '::1', 1582518467, 0x5F5F63695F6C6173745F726567656E65726174657C693A313538323531383337363B69645F757365727C733A313A2231223B69645F6C6576656C7C733A313A2231223B6C6F67696E5F7374617475737C623A313B);
INSERT INTO `ci_sessions` VALUES ('6apu2j03hhvhnkgo533mbf65u74534n4', '::1', 1582519353, 0x5F5F63695F6C6173745F726567656E65726174657C693A313538323531393035343B69645F757365727C733A313A2231223B69645F6C6576656C7C733A313A2231223B6C6F67696E5F7374617475737C623A313B);
INSERT INTO `ci_sessions` VALUES ('9ade966ggad0ge2l2s4l4kotuldhdqo1', '::1', 1582519645, 0x5F5F63695F6C6173745F726567656E65726174657C693A313538323531393338333B69645F757365727C733A313A2231223B69645F6C6576656C7C733A313A2231223B6C6F67696E5F7374617475737C623A313B);
INSERT INTO `ci_sessions` VALUES ('jactv7lia2g2stg6v7o5q1c7dcp571an', '::1', 1582521843, 0x5F5F63695F6C6173745F726567656E65726174657C693A313538323532313834323B69645F757365727C733A313A2231223B69645F6C6576656C7C733A313A2231223B6C6F67696E5F7374617475737C623A313B);
INSERT INTO `ci_sessions` VALUES ('c03pq4qth851hbl5ub33ae4nhmh24hpg', '::1', 1582523505, 0x5F5F63695F6C6173745F726567656E65726174657C693A313538323532333530353B69645F757365727C733A313A2231223B69645F6C6576656C7C733A313A2231223B6C6F67696E5F7374617475737C623A313B);
INSERT INTO `ci_sessions` VALUES ('fusqb1gt7hs18kfdjbs9692a07hmvcmp', '::1', 1582524200, 0x5F5F63695F6C6173745F726567656E65726174657C693A313538323532333930333B69645F757365727C733A313A2231223B69645F6C6576656C7C733A313A2231223B6C6F67696E5F7374617475737C623A313B);
INSERT INTO `ci_sessions` VALUES ('hd6en9f81rts7b8j3da89jo9qic66bkb', '::1', 1582524217, 0x5F5F63695F6C6173745F726567656E65726174657C693A313538323532343231303B69645F757365727C733A313A2231223B69645F6C6576656C7C733A313A2231223B6C6F67696E5F7374617475737C623A313B);
INSERT INTO `ci_sessions` VALUES ('spackp33milmqhfa7ka9gb3ib3snd3k6', '::1', 1582525632, 0x5F5F63695F6C6173745F726567656E65726174657C693A313538323532353439363B69645F757365727C733A313A2231223B69645F6C6576656C7C733A313A2231223B6C6F67696E5F7374617475737C623A313B);
INSERT INTO `ci_sessions` VALUES ('t1qq7jf25db3k6e5gsubggevf96httij', '::1', 1582532229, 0x5F5F63695F6C6173745F726567656E65726174657C693A313538323533323136383B69645F757365727C733A313A2231223B69645F6C6576656C7C733A313A2231223B6C6F67696E5F7374617475737C623A313B);
INSERT INTO `ci_sessions` VALUES ('4ahb01ncdov0un1mk96do6al3nurdnej', '::1', 1582532772, 0x5F5F63695F6C6173745F726567656E65726174657C693A313538323533323438303B69645F757365727C733A313A2231223B69645F6C6576656C7C733A313A2231223B6C6F67696E5F7374617475737C623A313B);
INSERT INTO `ci_sessions` VALUES ('c1hce3vqhpn5t2g32aicv0c7lih8a5ea', '::1', 1582532887, 0x5F5F63695F6C6173745F726567656E65726174657C693A313538323533323838323B69645F757365727C733A313A2231223B69645F6C6576656C7C733A313A2231223B6C6F67696E5F7374617475737C623A313B);
INSERT INTO `ci_sessions` VALUES ('587paivq0mk959017v3me65m8e2bbh16', '::1', 1582533570, 0x5F5F63695F6C6173745F726567656E65726174657C693A313538323533333530323B69645F757365727C733A313A2231223B69645F6C6576656C7C733A313A2231223B6C6F67696E5F7374617475737C623A313B);
INSERT INTO `ci_sessions` VALUES ('eoigp1h9sidbad5ko3o3bjj7brk0a7f3', '::1', 1582533837, 0x5F5F63695F6C6173745F726567656E65726174657C693A313538323533333833373B69645F757365727C733A313A2231223B69645F6C6576656C7C733A313A2231223B6C6F67696E5F7374617475737C623A313B);
INSERT INTO `ci_sessions` VALUES ('mok53tgl92vb1tmetpuoq8v0hi3uv17b', '::1', 1582534477, 0x5F5F63695F6C6173745F726567656E65726174657C693A313538323533343336303B69645F757365727C733A313A2231223B69645F6C6576656C7C733A313A2231223B6C6F67696E5F7374617475737C623A313B);
INSERT INTO `ci_sessions` VALUES ('kc3e4f66uulqldd3febljko9qfgqnj5o', '::1', 1582535018, 0x5F5F63695F6C6173745F726567656E65726174657C693A313538323533343732363B69645F757365727C733A313A2231223B69645F6C6576656C7C733A313A2231223B6C6F67696E5F7374617475737C623A313B);
INSERT INTO `ci_sessions` VALUES ('d3esjg1qtdull6kca7agfi34qfd9gnsa', '::1', 1582535690, 0x5F5F63695F6C6173745F726567656E65726174657C693A313538323533353339313B69645F757365727C733A313A2231223B69645F6C6576656C7C733A313A2231223B6C6F67696E5F7374617475737C623A313B);
INSERT INTO `ci_sessions` VALUES ('ht6qjpln7fcs2a3p3gj31lm95bfuqgao', '::1', 1582536043, 0x5F5F63695F6C6173745F726567656E65726174657C693A313538323533353739373B69645F757365727C733A313A2231223B69645F6C6576656C7C733A313A2231223B6C6F67696E5F7374617475737C623A313B);
INSERT INTO `ci_sessions` VALUES ('gk6hvo29h67vhb1dnflsv259ei77d2qh', '::1', 1582536481, 0x5F5F63695F6C6173745F726567656E65726174657C693A313538323533363137323B69645F757365727C733A313A2231223B69645F6C6576656C7C733A313A2231223B6C6F67696E5F7374617475737C623A313B);
INSERT INTO `ci_sessions` VALUES ('9gl98ufnjmsi48eac3743vjap206dpif', '::1', 1582536795, 0x5F5F63695F6C6173745F726567656E65726174657C693A313538323533363439303B69645F757365727C733A313A2231223B69645F6C6576656C7C733A313A2231223B6C6F67696E5F7374617475737C623A313B);
INSERT INTO `ci_sessions` VALUES ('c2jnvnj7k2r3lb7pccs7fjeccm32iens', '::1', 1582537314, 0x5F5F63695F6C6173745F726567656E65726174657C693A313538323533363935303B69645F757365727C733A313A2231223B69645F6C6576656C7C733A313A2231223B6C6F67696E5F7374617475737C623A313B);
INSERT INTO `ci_sessions` VALUES ('ru6u1oo92562j59q9ff4h305ft3k9hll', '::1', 1582537820, 0x5F5F63695F6C6173745F726567656E65726174657C693A313538323533373433343B69645F757365727C733A313A2231223B69645F6C6576656C7C733A313A2231223B6C6F67696E5F7374617475737C623A313B);
INSERT INTO `ci_sessions` VALUES ('7k0kdu11tnr3co9vm6e2l14mqh1pu44q', '::1', 1582538535, 0x5F5F63695F6C6173745F726567656E65726174657C693A313538323533383232363B69645F757365727C733A313A2231223B69645F6C6576656C7C733A313A2231223B6C6F67696E5F7374617475737C623A313B);
INSERT INTO `ci_sessions` VALUES ('501400qrcbpbg80mkimddfoqsul8l2f0', '::1', 1582538857, 0x5F5F63695F6C6173745F726567656E65726174657C693A313538323533383630323B69645F757365727C733A313A2231223B69645F6C6576656C7C733A313A2231223B6C6F67696E5F7374617475737C623A313B);
INSERT INTO `ci_sessions` VALUES ('t3qcvdjfkjhdt0stcq980jlpn8lid87u', '::1', 1582540460, 0x5F5F63695F6C6173745F726567656E65726174657C693A313538323533383933303B69645F757365727C733A313A2231223B69645F6C6576656C7C733A313A2231223B6C6F67696E5F7374617475737C623A313B);
INSERT INTO `ci_sessions` VALUES ('qmpvijp5m089c8dot26nh65vg310b8e0', '::1', 1582540812, 0x5F5F63695F6C6173745F726567656E65726174657C693A313538323534303634393B69645F757365727C733A313A2231223B69645F6C6576656C7C733A313A2231223B6C6F67696E5F7374617475737C623A313B);
INSERT INTO `ci_sessions` VALUES ('4uc7phk7on8q5ode6vha9smqbhgrv7mi', '::1', 1582599469, 0x5F5F63695F6C6173745F726567656E65726174657C693A313538323539393336383B69645F757365727C733A313A2231223B69645F6C6576656C7C733A313A2231223B6C6F67696E5F7374617475737C623A313B);
INSERT INTO `ci_sessions` VALUES ('vs4nfc5e6u5crmrrsfmb2qpmssr0gv4p', '::1', 1582599714, 0x5F5F63695F6C6173745F726567656E65726174657C693A313538323539393638323B69645F757365727C733A313A2231223B69645F6C6576656C7C733A313A2231223B6C6F67696E5F7374617475737C623A313B);
INSERT INTO `ci_sessions` VALUES ('hqt5otb0nddujbq1vhia0879gsaq0heq', '::1', 1582600491, 0x5F5F63695F6C6173745F726567656E65726174657C693A313538323630303239363B69645F757365727C733A313A2231223B69645F6C6576656C7C733A313A2231223B6C6F67696E5F7374617475737C623A313B);
INSERT INTO `ci_sessions` VALUES ('b1b2oa0d3emm4vup86i6mt9pdrctcd8v', '::1', 1582600964, 0x5F5F63695F6C6173745F726567656E65726174657C693A313538323630303637333B69645F757365727C733A313A2231223B69645F6C6576656C7C733A313A2231223B6C6F67696E5F7374617475737C623A313B);
INSERT INTO `ci_sessions` VALUES ('k4d1oo9r6c0pakugi0o9h8shv16k389c', '::1', 1582601014, 0x5F5F63695F6C6173745F726567656E65726174657C693A313538323630313031343B69645F757365727C733A313A2231223B69645F6C6576656C7C733A313A2231223B6C6F67696E5F7374617475737C623A313B);
INSERT INTO `ci_sessions` VALUES ('3f6irql3ab70ss90saqk4gd5im4k4dpg', '::1', 1582601922, 0x5F5F63695F6C6173745F726567656E65726174657C693A313538323630313636333B69645F757365727C733A313A2231223B69645F6C6576656C7C733A313A2231223B6C6F67696E5F7374617475737C623A313B);
INSERT INTO `ci_sessions` VALUES ('43aib1tpsilef4v7lfchd1q52s4b0tdv', '::1', 1582602470, 0x5F5F63695F6C6173745F726567656E65726174657C693A313538323630323138363B69645F757365727C733A313A2231223B69645F6C6576656C7C733A313A2231223B6C6F67696E5F7374617475737C623A313B);
INSERT INTO `ci_sessions` VALUES ('1phnb4hvj6d46mbiphq8hb48lggqga33', '::1', 1582602577, 0x5F5F63695F6C6173745F726567656E65726174657C693A313538323630323537323B69645F757365727C733A313A2231223B69645F6C6576656C7C733A313A2231223B6C6F67696E5F7374617475737C623A313B);
INSERT INTO `ci_sessions` VALUES ('8431st6mg44til1e6b7rhau63ne5or42', '::1', 1582603049, 0x5F5F63695F6C6173745F726567656E65726174657C693A313538323630323930303B69645F757365727C733A313A2231223B69645F6C6576656C7C733A313A2231223B6C6F67696E5F7374617475737C623A313B);
INSERT INTO `ci_sessions` VALUES ('n4kpdgltngarcqrd2n8v8b2t8ggt2grf', '::1', 1582604076, 0x5F5F63695F6C6173745F726567656E65726174657C693A313538323630343034303B69645F757365727C733A313A2231223B69645F6C6576656C7C733A313A2231223B6C6F67696E5F7374617475737C623A313B);
INSERT INTO `ci_sessions` VALUES ('dk8b0gnit6rva0vgjiqiv2djomvhfa0q', '::1', 1582607471, 0x5F5F63695F6C6173745F726567656E65726174657C693A313538323630373338303B69645F757365727C733A313A2231223B69645F6C6576656C7C733A313A2231223B6C6F67696E5F7374617475737C623A313B);
INSERT INTO `ci_sessions` VALUES ('pmon10mq1d95994s6k2ivfkk07sm5ucn', '::1', 1582666302, 0x5F5F63695F6C6173745F726567656E65726174657C693A313538323636363235373B69645F757365727C733A313A2231223B69645F6C6576656C7C733A313A2231223B6C6F67696E5F7374617475737C623A313B);
INSERT INTO `ci_sessions` VALUES ('nh3tfppgbnfuc1gltc5klg14bln6tj2i', '::1', 1582666915, 0x5F5F63695F6C6173745F726567656E65726174657C693A313538323636363931353B);
INSERT INTO `ci_sessions` VALUES ('3b5h3h85t4s5u9tdi5b2a2d6u1eb28mh', '::1', 1582618400, 0x5F5F63695F6C6173745F726567656E65726174657C693A313538323631383131303B69645F757365727C733A313A2231223B69645F6C6576656C7C733A313A2231223B6C6F67696E5F7374617475737C623A313B);
INSERT INTO `ci_sessions` VALUES ('kb0rukjp68iasjf4g3d2i775dr8aum2j', '::1', 1582618475, 0x5F5F63695F6C6173745F726567656E65726174657C693A313538323631383437323B69645F757365727C733A313A2231223B69645F6C6576656C7C733A313A2231223B6C6F67696E5F7374617475737C623A313B);
INSERT INTO `ci_sessions` VALUES ('828ls33vhi97kssgone665p0m97o2vh3', '::1', 1582619432, 0x5F5F63695F6C6173745F726567656E65726174657C693A313538323631393236343B69645F757365727C733A313A2231223B69645F6C6576656C7C733A313A2231223B6C6F67696E5F7374617475737C623A313B);
INSERT INTO `ci_sessions` VALUES ('47q3t49apptbhvguhj4sos4vr05d6pqe', '::1', 1582624529, 0x5F5F63695F6C6173745F726567656E65726174657C693A313538323632343532363B69645F757365727C733A313A2231223B69645F6C6576656C7C733A313A2231223B6C6F67696E5F7374617475737C623A313B);
INSERT INTO `ci_sessions` VALUES ('v81goa5q6h0f1il43gdg9i8scplmhrb6', '::1', 1582627064, 0x5F5F63695F6C6173745F726567656E65726174657C693A313538323632373036333B69645F757365727C733A313A2231223B69645F6C6576656C7C733A313A2231223B6C6F67696E5F7374617475737C623A313B);
INSERT INTO `ci_sessions` VALUES ('fmkggk3c0524df31ufjcgf52p36rs9mb', '::1', 1582695894, 0x5F5F63695F6C6173745F726567656E65726174657C693A313538323639353539373B69645F757365727C733A313A2231223B69645F6C6576656C7C733A313A2231223B6C6F67696E5F7374617475737C623A313B);
INSERT INTO `ci_sessions` VALUES ('iv3jip8fbi1nolnls7coia6s2nou2scj', '::1', 1582696154, 0x5F5F63695F6C6173745F726567656E65726174657C693A313538323639353930313B69645F757365727C733A313A2231223B69645F6C6576656C7C733A313A2231223B6C6F67696E5F7374617475737C623A313B);
INSERT INTO `ci_sessions` VALUES ('tme5her0d3bacbt6u4pea30nhg7lm9gl', '::1', 1582697199, 0x5F5F63695F6C6173745F726567656E65726174657C693A313538323639363939313B69645F757365727C733A313A2231223B69645F6C6576656C7C733A313A2231223B6C6F67696E5F7374617475737C623A313B);
INSERT INTO `ci_sessions` VALUES ('c76m8kesui9f7e1df0q661l2lm3utfn7', '::1', 1582697621, 0x5F5F63695F6C6173745F726567656E65726174657C693A313538323639373632313B);
INSERT INTO `ci_sessions` VALUES ('1unadsvobhuog36t36rs9aq4hl9ndghp', '::1', 1583138211, 0x5F5F63695F6C6173745F726567656E65726174657C693A313538333133373932393B69645F757365727C733A313A2231223B69645F6C6576656C7C733A313A2231223B6C6F67696E5F7374617475737C623A313B);
INSERT INTO `ci_sessions` VALUES ('kqr91j013t8kpnda04iis9btsap4ri95', '::1', 1583138365, 0x5F5F63695F6C6173745F726567656E65726174657C693A313538333133383234363B69645F757365727C733A313A2231223B69645F6C6576656C7C733A313A2231223B6C6F67696E5F7374617475737C623A313B);
INSERT INTO `ci_sessions` VALUES ('bdfol0bbgtlt1pb6odt7ahdsssm380s8', '::1', 1583138788, 0x5F5F63695F6C6173745F726567656E65726174657C693A313538333133383535363B69645F757365727C733A313A2231223B69645F6C6576656C7C733A313A2231223B6C6F67696E5F7374617475737C623A313B);
INSERT INTO `ci_sessions` VALUES ('b40pn5ac916t7jlri5rtgpkqhqpeld32', '::1', 1583139125, 0x5F5F63695F6C6173745F726567656E65726174657C693A313538333133393132353B69645F757365727C733A313A2231223B69645F6C6576656C7C733A313A2231223B6C6F67696E5F7374617475737C623A313B);
INSERT INTO `ci_sessions` VALUES ('grndh6t8mtl8gvkjmjs34ubm20plra3e', '::1', 1583139938, 0x5F5F63695F6C6173745F726567656E65726174657C693A313538333133393732303B69645F757365727C733A313A2231223B69645F6C6576656C7C733A313A2231223B6C6F67696E5F7374617475737C623A313B);
INSERT INTO `ci_sessions` VALUES ('k1keij4i2889434ea46rhp82460jll22', '::1', 1583141105, 0x5F5F63695F6C6173745F726567656E65726174657C693A313538333134303830373B69645F757365727C733A313A2231223B69645F6C6576656C7C733A313A2231223B6C6F67696E5F7374617475737C623A313B);
INSERT INTO `ci_sessions` VALUES ('0ch9090i0s0j1botigbeb499gp0clljh', '::1', 1583141500, 0x5F5F63695F6C6173745F726567656E65726174657C693A313538333134313138383B69645F757365727C733A313A2231223B69645F6C6576656C7C733A313A2231223B6C6F67696E5F7374617475737C623A313B);
INSERT INTO `ci_sessions` VALUES ('s15m0foi2gjmq2n640b8ngif1ch5uatb', '::1', 1583142040, 0x5F5F63695F6C6173745F726567656E65726174657C693A313538333134313833303B69645F757365727C733A313A2231223B69645F6C6576656C7C733A313A2231223B6C6F67696E5F7374617475737C623A313B);
INSERT INTO `ci_sessions` VALUES ('90q9h5sjdf1ts0ah0jagf9unhreqnhf4', '::1', 1583142618, 0x5F5F63695F6C6173745F726567656E65726174657C693A313538333134323336383B69645F757365727C733A313A2231223B69645F6C6576656C7C733A313A2231223B6C6F67696E5F7374617475737C623A313B);
INSERT INTO `ci_sessions` VALUES ('foann942inl4ajeshssqq2gupmarnc5u', '::1', 1583142960, 0x5F5F63695F6C6173745F726567656E65726174657C693A313538333134323739383B69645F757365727C733A313A2231223B69645F6C6576656C7C733A313A2231223B6C6F67696E5F7374617475737C623A313B);
INSERT INTO `ci_sessions` VALUES ('0sk2t75k4f27rhfdh6tqd7u131e1mhd3', '::1', 1583143361, 0x5F5F63695F6C6173745F726567656E65726174657C693A313538333134333132313B69645F757365727C733A313A2231223B69645F6C6576656C7C733A313A2231223B6C6F67696E5F7374617475737C623A313B);
INSERT INTO `ci_sessions` VALUES ('29iblih9aiafdr1ckfit6vd50or6etoi', '::1', 1583144123, 0x5F5F63695F6C6173745F726567656E65726174657C693A313538333134333635333B69645F757365727C733A313A2231223B69645F6C6576656C7C733A313A2231223B6C6F67696E5F7374617475737C623A313B);
INSERT INTO `ci_sessions` VALUES ('ib30cel43b7sp0jqai7bu87gblid4d0c', '::1', 1583144416, 0x5F5F63695F6C6173745F726567656E65726174657C693A313538333134343235383B69645F757365727C733A313A2231223B69645F6C6576656C7C733A313A2231223B6C6F67696E5F7374617475737C623A313B);
INSERT INTO `ci_sessions` VALUES ('au2b25kq9ts8g1ogt4dgsql3llhvtnq4', '::1', 1583145057, 0x5F5F63695F6C6173745F726567656E65726174657C693A313538333134343735343B69645F757365727C733A313A2231223B69645F6C6576656C7C733A313A2231223B6C6F67696E5F7374617475737C623A313B);
INSERT INTO `ci_sessions` VALUES ('3b1pkh5524f7mdgir3r8ed9apdpsft34', '::1', 1583145402, 0x5F5F63695F6C6173745F726567656E65726174657C693A313538333134353132373B69645F757365727C733A313A2231223B69645F6C6576656C7C733A313A2231223B6C6F67696E5F7374617475737C623A313B);
INSERT INTO `ci_sessions` VALUES ('qtc8vg58g8ibrdr54u49bc7r01nmdlif', '::1', 1583145939, 0x5F5F63695F6C6173745F726567656E65726174657C693A313538333134353637393B69645F757365727C733A313A2231223B69645F6C6576656C7C733A313A2231223B6C6F67696E5F7374617475737C623A313B);
INSERT INTO `ci_sessions` VALUES ('7strueefp7u9q7hauboc085p3kk5r7p4', '::1', 1583146286, 0x5F5F63695F6C6173745F726567656E65726174657C693A313538333134363030343B69645F757365727C733A313A2231223B69645F6C6576656C7C733A313A2231223B6C6F67696E5F7374617475737C623A313B);
INSERT INTO `ci_sessions` VALUES ('8c0h7ng5vgu4kjo6u1o4ujljcn988ig1', '::1', 1583146602, 0x5F5F63695F6C6173745F726567656E65726174657C693A313538333134363331343B69645F757365727C733A313A2231223B69645F6C6576656C7C733A313A2231223B6C6F67696E5F7374617475737C623A313B);
INSERT INTO `ci_sessions` VALUES ('i41ujpa78ll53mou356lugr987dml5ji', '::1', 1583146909, 0x5F5F63695F6C6173745F726567656E65726174657C693A313538333134363632353B69645F757365727C733A313A2231223B69645F6C6576656C7C733A313A2231223B6C6F67696E5F7374617475737C623A313B);
INSERT INTO `ci_sessions` VALUES ('uevtg5o4cnlo87luf625qgmbrpolvo20', '::1', 1583147094, 0x5F5F63695F6C6173745F726567656E65726174657C693A313538333134363935343B69645F757365727C733A313A2231223B69645F6C6576656C7C733A313A2231223B6C6F67696E5F7374617475737C623A313B);
INSERT INTO `ci_sessions` VALUES ('buq7tk2r9l3c2h93vqm2g5iaci47njfj', '::1', 1583147408, 0x5F5F63695F6C6173745F726567656E65726174657C693A313538333134373238313B69645F757365727C733A313A2231223B69645F6C6576656C7C733A313A2231223B6C6F67696E5F7374617475737C623A313B);
INSERT INTO `ci_sessions` VALUES ('fup48r520ths8pqo6b4l31pmg1lvasod', '::1', 1583147610, 0x5F5F63695F6C6173745F726567656E65726174657C693A313538333134373538343B69645F757365727C733A313A2231223B69645F6C6576656C7C733A313A2231223B6C6F67696E5F7374617475737C623A313B);
INSERT INTO `ci_sessions` VALUES ('7hltrekrd27ijl83gvol679ljhng508s', '::1', 1583204262, 0x5F5F63695F6C6173745F726567656E65726174657C693A313538333230343037353B69645F757365727C733A313A2231223B69645F6C6576656C7C733A313A2231223B6C6F67696E5F7374617475737C623A313B);
INSERT INTO `ci_sessions` VALUES ('hotsvjqv3jegehahl7m8ehf5tvpuslg3', '::1', 1583204459, 0x5F5F63695F6C6173745F726567656E65726174657C693A313538333230343430313B69645F757365727C733A313A2231223B69645F6C6576656C7C733A313A2231223B6C6F67696E5F7374617475737C623A313B);
INSERT INTO `ci_sessions` VALUES ('00of2quq6rgdeafpca76pdsfiltajgtp', '::1', 1583204747, 0x5F5F63695F6C6173745F726567656E65726174657C693A313538333230343734373B69645F757365727C733A313A2231223B69645F6C6576656C7C733A313A2231223B6C6F67696E5F7374617475737C623A313B);
INSERT INTO `ci_sessions` VALUES ('rq78a85mk62e61vc80fmmo6omteqsuvi', '::1', 1583205480, 0x5F5F63695F6C6173745F726567656E65726174657C693A313538333230353239343B69645F757365727C733A313A2231223B69645F6C6576656C7C733A313A2231223B6C6F67696E5F7374617475737C623A313B);
INSERT INTO `ci_sessions` VALUES ('np640mppdef0esvoo9q2ld7de4nfip13', '::1', 1583207583, 0x5F5F63695F6C6173745F726567656E65726174657C693A313538333230373535303B69645F757365727C733A313A2231223B69645F6C6576656C7C733A313A2231223B6C6F67696E5F7374617475737C623A313B);
INSERT INTO `ci_sessions` VALUES ('i1msq3ebpb998oipg0uubd218fpt258u', '::1', 1583208194, 0x5F5F63695F6C6173745F726567656E65726174657C693A313538333230373939373B69645F757365727C733A313A2231223B69645F6C6576656C7C733A313A2231223B6C6F67696E5F7374617475737C623A313B);
INSERT INTO `ci_sessions` VALUES ('2amp9gdq0tkv2p757ccfe3mp48ku3ckf', '::1', 1583208519, 0x5F5F63695F6C6173745F726567656E65726174657C693A313538333230383333303B69645F757365727C733A313A2231223B69645F6C6576656C7C733A313A2231223B6C6F67696E5F7374617475737C623A313B);
INSERT INTO `ci_sessions` VALUES ('vl0400sl9f9c0j3qssmjhr3bd2ukkb7j', '::1', 1583208658, 0x5F5F63695F6C6173745F726567656E65726174657C693A313538333230383430333B69645F757365727C733A313A2232223B69645F6C6576656C7C733A313A2232223B6C6F67696E5F7374617475737C623A313B);
INSERT INTO `ci_sessions` VALUES ('o26iomf8sgo4hvpilo4gb4m8kmnnn5u7', '::1', 1583208966, 0x5F5F63695F6C6173745F726567656E65726174657C693A313538333230383636363B69645F757365727C733A313A2231223B69645F6C6576656C7C733A313A2231223B6C6F67696E5F7374617475737C623A313B);
INSERT INTO `ci_sessions` VALUES ('o3p94sr1p83a5h9oqj0gpjbk2m90jth7', '::1', 1583208955, 0x5F5F63695F6C6173745F726567656E65726174657C693A313538333230383730393B69645F757365727C733A313A2232223B69645F6C6576656C7C733A313A2232223B6C6F67696E5F7374617475737C623A313B);
INSERT INTO `ci_sessions` VALUES ('jk2lnpc14r7tc8oon4lej4kfc8ft4v4e', '::1', 1583209430, 0x5F5F63695F6C6173745F726567656E65726174657C693A313538333230393230333B69645F757365727C733A313A2231223B69645F6C6576656C7C733A313A2231223B6C6F67696E5F7374617475737C623A313B);
INSERT INTO `ci_sessions` VALUES ('hso20ard52ufhhi9p1rt7bc20qb8ir06', '::1', 1583209530, 0x5F5F63695F6C6173745F726567656E65726174657C693A313538333230393234323B69645F757365727C733A313A2232223B69645F6C6576656C7C733A313A2232223B6C6F67696E5F7374617475737C623A313B);
INSERT INTO `ci_sessions` VALUES ('m3g4pg3vsm7tbgj27krrsfbsh28p04v5', '::1', 1583209549, 0x5F5F63695F6C6173745F726567656E65726174657C693A313538333230393533383B69645F757365727C733A313A2231223B69645F6C6576656C7C733A313A2231223B6C6F67696E5F7374617475737C623A313B);
INSERT INTO `ci_sessions` VALUES ('ishvm52j2v5gas4ped4bile9a77vam74', '::1', 1583209553, 0x5F5F63695F6C6173745F726567656E65726174657C693A313538333230393535333B69645F757365727C733A313A2232223B69645F6C6576656C7C733A313A2232223B6C6F67696E5F7374617475737C623A313B);
INSERT INTO `ci_sessions` VALUES ('kl5aq5frodr2k41sk6bndr580glejjvm', '::1', 1583210194, 0x5F5F63695F6C6173745F726567656E65726174657C693A313538333231303139343B69645F757365727C733A313A2231223B69645F6C6576656C7C733A313A2231223B6C6F67696E5F7374617475737C623A313B);
INSERT INTO `ci_sessions` VALUES ('rriq7uk2k529ms0q2110o9lkhh0maqjl', '::1', 1583211301, 0x5F5F63695F6C6173745F726567656E65726174657C693A313538333231313330313B69645F757365727C733A313A2232223B69645F6C6576656C7C733A313A2232223B6C6F67696E5F7374617475737C623A313B);
INSERT INTO `ci_sessions` VALUES ('dontn17ao7ajm1a38vkf73u1p3fk6fhd', '::1', 1583216387, 0x5F5F63695F6C6173745F726567656E65726174657C693A313538333231363137343B69645F757365727C733A313A2231223B69645F6C6576656C7C733A313A2231223B6C6F67696E5F7374617475737C623A313B);
INSERT INTO `ci_sessions` VALUES ('1uaevtta9nr9lesa1bnk73lamc3sq6n6', '::1', 1583216405, 0x5F5F63695F6C6173745F726567656E65726174657C693A313538333231363139323B69645F757365727C733A313A2232223B69645F6C6576656C7C733A313A2232223B6C6F67696E5F7374617475737C623A313B);
INSERT INTO `ci_sessions` VALUES ('3bkn5s91suhu73ja61lj78e2cvduub3v', '::1', 1583217152, 0x5F5F63695F6C6173745F726567656E65726174657C693A313538333231373135303B69645F757365727C733A313A2231223B69645F6C6576656C7C733A313A2231223B6C6F67696E5F7374617475737C623A313B);
INSERT INTO `ci_sessions` VALUES ('69qqc050968jvoapsd8p49talrdrm5mn', '::1', 1583218755, 0x5F5F63695F6C6173745F726567656E65726174657C693A313538333231383535363B69645F757365727C733A313A2231223B69645F6C6576656C7C733A313A2231223B6C6F67696E5F7374617475737C623A313B);
INSERT INTO `ci_sessions` VALUES ('kc3tt0fo186g43jaopt48iugc7tj8vij', '::1', 1583219600, 0x5F5F63695F6C6173745F726567656E65726174657C693A313538333231383932393B69645F757365727C733A313A2231223B69645F6C6576656C7C733A313A2231223B6C6F67696E5F7374617475737C623A313B);
INSERT INTO `ci_sessions` VALUES ('p9bvdihpkk63qnn1iil9k1stq5iv01to', '::1', 1583219267, 0x5F5F63695F6C6173745F726567656E65726174657C693A313538333231383935313B69645F757365727C733A313A2232223B69645F6C6576656C7C733A313A2232223B6C6F67696E5F7374617475737C623A313B);
INSERT INTO `ci_sessions` VALUES ('pqdd8n2li224eqsmhqj0ii0icc3rfvs4', '::1', 1583219269, 0x5F5F63695F6C6173745F726567656E65726174657C693A313538333231393236393B69645F757365727C733A313A2232223B69645F6C6576656C7C733A313A2232223B6C6F67696E5F7374617475737C623A313B);
INSERT INTO `ci_sessions` VALUES ('21m418hrckce74ac6b8e3flfq8tm448l', '::1', 1583219886, 0x5F5F63695F6C6173745F726567656E65726174657C693A313538333231393634313B69645F757365727C733A313A2231223B69645F6C6576656C7C733A313A2231223B6C6F67696E5F7374617475737C623A313B);
INSERT INTO `ci_sessions` VALUES ('6ftca9t3t879hkvglt7i5jenenfhlre3', '::1', 1583219881, 0x5F5F63695F6C6173745F726567656E65726174657C693A313538333231393838303B69645F757365727C733A313A2232223B69645F6C6576656C7C733A313A2232223B6C6F67696E5F7374617475737C623A313B);
INSERT INTO `ci_sessions` VALUES ('cprjfna2qq42qvdpgsoo7mtsjd7opgj3', '::1', 1583220527, 0x5F5F63695F6C6173745F726567656E65726174657C693A313538333232303234373B69645F757365727C733A313A2231223B69645F6C6576656C7C733A313A2231223B6C6F67696E5F7374617475737C623A313B);
INSERT INTO `ci_sessions` VALUES ('r3a6f683vhdfbdkas67itu3cat0fkuud', '::1', 1583220382, 0x5F5F63695F6C6173745F726567656E65726174657C693A313538333232303338323B69645F757365727C733A313A2232223B69645F6C6576656C7C733A313A2232223B6C6F67696E5F7374617475737C623A313B);
INSERT INTO `ci_sessions` VALUES ('c1jo5e01cdvpiq2gbcke71til4jok2qa', '::1', 1583221129, 0x5F5F63695F6C6173745F726567656E65726174657C693A313538333232303834373B69645F757365727C733A313A2231223B69645F6C6576656C7C733A313A2231223B6C6F67696E5F7374617475737C623A313B);
INSERT INTO `ci_sessions` VALUES ('fc60dlj9k1fiimuh5hkh2b3f1vvntapp', '::1', 1583221158, 0x5F5F63695F6C6173745F726567656E65726174657C693A313538333232303932383B69645F757365727C733A313A2232223B69645F6C6576656C7C733A313A2232223B6C6F67696E5F7374617475737C623A313B);
INSERT INTO `ci_sessions` VALUES ('ciu06qo6usaigenku5lvm333fobdb2j6', '::1', 1583221443, 0x5F5F63695F6C6173745F726567656E65726174657C693A313538333232313136313B69645F757365727C733A313A2231223B69645F6C6576656C7C733A313A2231223B6C6F67696E5F7374617475737C623A313B);
INSERT INTO `ci_sessions` VALUES ('4mqsngief1ef4m5b66qrnaad6paadgp9', '::1', 1583221632, 0x5F5F63695F6C6173745F726567656E65726174657C693A313538333232313533353B69645F757365727C733A313A2231223B69645F6C6576656C7C733A313A2231223B6C6F67696E5F7374617475737C623A313B);
INSERT INTO `ci_sessions` VALUES ('3rno85rts444d4hqfvmuve4mc15joiqn', '::1', 1583222103, 0x5F5F63695F6C6173745F726567656E65726174657C693A313538333232313835323B69645F757365727C733A313A2232223B69645F6C6576656C7C733A313A2232223B6C6F67696E5F7374617475737C623A313B);
INSERT INTO `ci_sessions` VALUES ('gb77k5rnn5snkibmgj6l773f3hgs9imq', '::1', 1583221920, 0x5F5F63695F6C6173745F726567656E65726174657C693A313538333232313930373B69645F757365727C733A313A2231223B69645F6C6576656C7C733A313A2231223B6C6F67696E5F7374617475737C623A313B);
INSERT INTO `ci_sessions` VALUES ('pvng55b0kpj9hkdoo8b3u0fg87e7vcv8', '::1', 1583222359, 0x5F5F63695F6C6173745F726567656E65726174657C693A313538333232323232333B69645F757365727C733A313A2232223B69645F6C6576656C7C733A313A2232223B6C6F67696E5F7374617475737C623A313B);
INSERT INTO `ci_sessions` VALUES ('6fppaml26jsbut8i0me731erbbp83td8', '::1', 1583222758, 0x5F5F63695F6C6173745F726567656E65726174657C693A313538333232323533313B69645F757365727C733A313A2232223B69645F6C6576656C7C733A313A2232223B6C6F67696E5F7374617475737C623A313B);
INSERT INTO `ci_sessions` VALUES ('ov9p09lmk20qh0ns27lbmkdegm56edd7', '::1', 1583223167, 0x5F5F63695F6C6173745F726567656E65726174657C693A313538333232323930363B69645F757365727C733A313A2232223B69645F6C6576656C7C733A313A2232223B6C6F67696E5F7374617475737C623A313B);
INSERT INTO `ci_sessions` VALUES ('3ni7qhka7pvklsvjl3ckjo6fjt6ltdcp', '::1', 1583223228, 0x5F5F63695F6C6173745F726567656E65726174657C693A313538333232333231383B69645F757365727C733A313A2232223B69645F6C6576656C7C733A313A2232223B6C6F67696E5F7374617475737C623A313B);
INSERT INTO `ci_sessions` VALUES ('97rnuetbk5fusbvhtihglr983f8uou7v', '::1', 1583223813, 0x5F5F63695F6C6173745F726567656E65726174657C693A313538333232333537303B69645F757365727C733A313A2232223B69645F6C6576656C7C733A313A2232223B6C6F67696E5F7374617475737C623A313B);
INSERT INTO `ci_sessions` VALUES ('92un55vn5opugjn37ocu5q0l1dusikj5', '::1', 1583224989, 0x5F5F63695F6C6173745F726567656E65726174657C693A313538333232343938383B69645F757365727C733A313A2232223B69645F6C6576656C7C733A313A2232223B6C6F67696E5F7374617475737C623A313B);
INSERT INTO `ci_sessions` VALUES ('j4t55e028n8ge18nj8f9p5d01ls47qfu', '::1', 1583225005, 0x5F5F63695F6C6173745F726567656E65726174657C693A313538333232343938383B69645F757365727C733A313A2231223B69645F6C6576656C7C733A313A2231223B6C6F67696E5F7374617475737C623A313B);
INSERT INTO `ci_sessions` VALUES ('gokmfu8mu4glspjhakknrrfov277la09', '::1', 1583231396, 0x5F5F63695F6C6173745F726567656E65726174657C693A313538333233313339303B69645F757365727C733A313A2231223B69645F6C6576656C7C733A313A2231223B6C6F67696E5F7374617475737C623A313B);
INSERT INTO `ci_sessions` VALUES ('0nt46nu74vit5a0krblm05ddie9gca86', '::1', 1583232291, 0x5F5F63695F6C6173745F726567656E65726174657C693A313538333233323239313B69645F757365727C733A313A2231223B69645F6C6576656C7C733A313A2231223B6C6F67696E5F7374617475737C623A313B);
INSERT INTO `ci_sessions` VALUES ('7g15qm3qgjg55f489tgqgap4gaqu7c0f', '::1', 1583289093, 0x5F5F63695F6C6173745F726567656E65726174657C693A313538333238383939303B69645F757365727C733A313A2231223B69645F6C6576656C7C733A313A2231223B6C6F67696E5F7374617475737C623A313B);
INSERT INTO `ci_sessions` VALUES ('qbilm1818c5mu2udoikc6ivalgnt214t', '::1', 1583289188, 0x5F5F63695F6C6173745F726567656E65726174657C693A313538333238393039383B69645F757365727C733A313A2232223B69645F6C6576656C7C733A313A2232223B6C6F67696E5F7374617475737C623A313B);
INSERT INTO `ci_sessions` VALUES ('l0ffifpp5mpclp80dth0tb8j2epjj9iu', '::1', 1583289628, 0x5F5F63695F6C6173745F726567656E65726174657C693A313538333238393333383B69645F757365727C733A313A2231223B69645F6C6576656C7C733A313A2231223B6C6F67696E5F7374617475737C623A313B);
INSERT INTO `ci_sessions` VALUES ('4gg9t3adgkuqropl38gqlt5n8eol1frg', '::1', 1583289601, 0x5F5F63695F6C6173745F726567656E65726174657C693A313538333238393532313B69645F757365727C733A313A2232223B69645F6C6576656C7C733A313A2232223B6C6F67696E5F7374617475737C623A313B);
INSERT INTO `ci_sessions` VALUES ('09v22bbtc9gfuffu8dvqt1jp34gmq5mm', '::1', 1583289985, 0x5F5F63695F6C6173745F726567656E65726174657C693A313538333238393837373B69645F757365727C733A313A2231223B69645F6C6576656C7C733A313A2231223B6C6F67696E5F7374617475737C623A313B);
INSERT INTO `ci_sessions` VALUES ('75mingcnpv8t468892f9bkmb6fub81s7', '::1', 1583291585, 0x5F5F63695F6C6173745F726567656E65726174657C693A313538333239313232373B69645F757365727C733A313A2231223B69645F6C6576656C7C733A313A2231223B6C6F67696E5F7374617475737C623A313B);
INSERT INTO `ci_sessions` VALUES ('i87buqju0eqf9d77c6ll64jn0uegm173', '::1', 1583291810, 0x5F5F63695F6C6173745F726567656E65726174657C693A313538333239313538373B69645F757365727C733A313A2231223B69645F6C6576656C7C733A313A2231223B6C6F67696E5F7374617475737C623A313B);
INSERT INTO `ci_sessions` VALUES ('ou93568aeeoj1khnmt09qrqm8cmongb5', '::1', 1583292157, 0x5F5F63695F6C6173745F726567656E65726174657C693A313538333239323135373B69645F757365727C733A313A2231223B69645F6C6576656C7C733A313A2231223B6C6F67696E5F7374617475737C623A313B);
INSERT INTO `ci_sessions` VALUES ('u0rfv9idr4vjvm9mjgq33n39lso30cf1', '::1', 1583292464, 0x5F5F63695F6C6173745F726567656E65726174657C693A313538333239323136353B69645F757365727C733A313A2232223B69645F6C6576656C7C733A313A2232223B6C6F67696E5F7374617475737C623A313B);
INSERT INTO `ci_sessions` VALUES ('gq35fg2vfu3mv7ncqvhs9rmnd0p9ftja', '::1', 1583292470, 0x5F5F63695F6C6173745F726567656E65726174657C693A313538333239323436363B69645F757365727C733A313A2232223B69645F6C6576656C7C733A313A2232223B6C6F67696E5F7374617475737C623A313B);
INSERT INTO `ci_sessions` VALUES ('834pjj8fhe9mrqikc8k8b1077pbf8ccv', '::1', 1583292979, 0x5F5F63695F6C6173745F726567656E65726174657C693A313538333239323638303B69645F757365727C733A313A2231223B69645F6C6576656C7C733A313A2231223B6C6F67696E5F7374617475737C623A313B);
INSERT INTO `ci_sessions` VALUES ('b7erm8t1vkneg8k1a93pr11hn1ajlfe1', '::1', 1583293280, 0x5F5F63695F6C6173745F726567656E65726174657C693A313538333239323938323B69645F757365727C733A313A2231223B69645F6C6576656C7C733A313A2231223B6C6F67696E5F7374617475737C623A313B);
INSERT INTO `ci_sessions` VALUES ('6sqg1jotrdrbgel5gv1dc1lqu60281nd', '::1', 1583293378, 0x5F5F63695F6C6173745F726567656E65726174657C693A313538333239333238333B69645F757365727C733A313A2231223B69645F6C6576656C7C733A313A2231223B6C6F67696E5F7374617475737C623A313B);
INSERT INTO `ci_sessions` VALUES ('haddthphsljoc2emafvc4j119css1mq5', '::1', 1583294182, 0x5F5F63695F6C6173745F726567656E65726174657C693A313538333239343138323B69645F757365727C733A313A2231223B69645F6C6576656C7C733A313A2231223B6C6F67696E5F7374617475737C623A313B);
INSERT INTO `ci_sessions` VALUES ('tivnqq5edgmp8v2fig7kk90ti2e5e0fh', '::1', 1583296259, 0x5F5F63695F6C6173745F726567656E65726174657C693A313538333239363231373B69645F757365727C733A313A2231223B69645F6C6576656C7C733A313A2231223B6C6F67696E5F7374617475737C623A313B);
INSERT INTO `ci_sessions` VALUES ('t24j6kgl5r4uluoogqapi49o3q86tvgf', '::1', 1583307093, 0x5F5F63695F6C6173745F726567656E65726174657C693A313538333330363637323B);
INSERT INTO `ci_sessions` VALUES ('epo4ipfiqlnb06unjk507alleail1ji9', '::1', 1583307365, 0x5F5F63695F6C6173745F726567656E65726174657C693A313538333330373331343B69645F757365727C733A313A2231223B69645F6C6576656C7C733A313A2231223B6C6F67696E5F7374617475737C623A313B);
INSERT INTO `ci_sessions` VALUES ('f5e39uuql85b128fbkjq4hdmbbntpehn', '::1', 1583311250, 0x5F5F63695F6C6173745F726567656E65726174657C693A313538333331313235303B69645F757365727C733A313A2231223B69645F6C6576656C7C733A313A2231223B6C6F67696E5F7374617475737C623A313B);

-- ----------------------------
-- Table structure for ci_user_login
-- ----------------------------
DROP TABLE IF EXISTS `ci_user_login`;
CREATE TABLE `ci_user_login`  (
  `di_user_log` int(11) NOT NULL AUTO_INCREMENT,
  `id_user` int(11) NOT NULL,
  `status` enum('login','logout') CHARACTER SET latin1 COLLATE latin1_swedish_ci NULL DEFAULT NULL,
  `ip_address` varchar(45) CHARACTER SET latin1 COLLATE latin1_swedish_ci NULL DEFAULT NULL,
  `user_agent` varchar(100) CHARACTER SET latin1 COLLATE latin1_swedish_ci NULL DEFAULT NULL,
  `date_time` datetime(0) NULL DEFAULT NULL,
  PRIMARY KEY (`di_user_log`) USING BTREE
) ENGINE = InnoDB AUTO_INCREMENT = 23 CHARACTER SET = latin1 COLLATE = latin1_swedish_ci ROW_FORMAT = Compact;

-- ----------------------------
-- Records of ci_user_login
-- ----------------------------
INSERT INTO `ci_user_login` VALUES (1, 2, 'login', '::1', 'Windows 10 - Chrome 80.0.3987.106', '2020-02-21 22:30:10');
INSERT INTO `ci_user_login` VALUES (2, 2, 'logout', '::1', 'Windows 10 - Chrome 80.0.3987.106', '2020-02-21 22:32:31');
INSERT INTO `ci_user_login` VALUES (3, 2, 'login', '::1', 'Windows 10 - Chrome 80.0.3987.106', '2020-02-21 22:36:06');
INSERT INTO `ci_user_login` VALUES (4, 2, 'logout', '::1', 'Windows 10 - Chrome 80.0.3987.106', '2020-02-21 22:40:21');
INSERT INTO `ci_user_login` VALUES (5, 1, 'login', '::1', 'Windows 10 - Chrome 80.0.3987.106', '2020-02-21 22:41:05');
INSERT INTO `ci_user_login` VALUES (6, 1, 'login', '::1', 'Windows 10 - Chrome 80.0.3987.116', '2020-02-24 03:44:09');
INSERT INTO `ci_user_login` VALUES (7, 1, 'login', '::1', 'Windows 10 - Chrome 80.0.3987.122', '2020-02-25 03:56:30');
INSERT INTO `ci_user_login` VALUES (8, 1, 'login', '::1', 'Windows 10 - Chrome 80.0.3987.122', '2020-02-25 22:31:33');
INSERT INTO `ci_user_login` VALUES (9, 1, 'logout', '::1', 'Windows 10 - Chrome 80.0.3987.122', '2020-02-25 22:41:55');
INSERT INTO `ci_user_login` VALUES (10, 1, 'login', '::1', 'Windows 10 - Chrome 80.0.3987.122', '2020-02-25 09:08:58');
INSERT INTO `ci_user_login` VALUES (11, 1, 'login', '::1', 'Windows 10 - Chrome 80.0.3987.122', '2020-02-26 06:40:25');
INSERT INTO `ci_user_login` VALUES (12, 1, 'logout', '::1', 'Windows 10 - Chrome 80.0.3987.122', '2020-02-26 07:13:40');
INSERT INTO `ci_user_login` VALUES (13, 2, 'login', '::1', 'Windows 10 - Chrome 80.0.3987.122', '2020-03-02 09:27:52');
INSERT INTO `ci_user_login` VALUES (14, 2, 'logout', '::1', 'Windows 10 - Chrome 80.0.3987.122', '2020-03-02 09:32:09');
INSERT INTO `ci_user_login` VALUES (15, 1, 'login', '::1', 'Windows 10 - Chrome 80.0.3987.122', '2020-03-02 09:32:49');
INSERT INTO `ci_user_login` VALUES (16, 1, 'login', '::1', 'Windows 10 - Chrome 80.0.3987.122', '2020-03-03 03:55:30');
INSERT INTO `ci_user_login` VALUES (17, 2, 'login', '::1', 'Windows 10 - Chrome 80.0.3987.122', '2020-03-03 05:07:16');
INSERT INTO `ci_user_login` VALUES (18, 1, 'login', '::1', 'Windows 10 - Chrome 80.0.3987.122', '2020-03-04 03:30:15');
INSERT INTO `ci_user_login` VALUES (19, 2, 'login', '::1', 'Windows 10 - Chrome 80.0.3987.122', '2020-03-04 03:31:56');
INSERT INTO `ci_user_login` VALUES (20, 1, 'login', '::1', 'Windows 10 - Chrome 80.0.3987.122', '2020-03-04 08:34:50');
INSERT INTO `ci_user_login` VALUES (21, 1, 'logout', '::1', 'Windows 10 - Chrome 80.0.3987.122', '2020-03-04 08:35:13');
INSERT INTO `ci_user_login` VALUES (22, 1, 'login', '::1', 'Windows 10 - Chrome 80.0.3987.122', '2020-03-04 08:35:35');

-- ----------------------------
-- Table structure for config_system
-- ----------------------------
DROP TABLE IF EXISTS `config_system`;
CREATE TABLE `config_system`  (
  `id` int(11) NOT NULL,
  `name` varchar(255) CHARACTER SET latin1 COLLATE latin1_swedish_ci NULL DEFAULT NULL,
  `slug` varchar(255) CHARACTER SET latin1 COLLATE latin1_swedish_ci NULL DEFAULT NULL,
  `value` varchar(255) CHARACTER SET latin1 COLLATE latin1_swedish_ci NULL DEFAULT NULL,
  `status` enum('0','1') CHARACTER SET latin1 COLLATE latin1_swedish_ci NULL DEFAULT '0',
  PRIMARY KEY (`id`) USING BTREE
) ENGINE = InnoDB CHARACTER SET = latin1 COLLATE = latin1_swedish_ci ROW_FORMAT = Compact;

-- ----------------------------
-- Records of config_system
-- ----------------------------
INSERT INTO `config_system` VALUES (1, 'title', 'title', 'cms gue', '0');
INSERT INTO `config_system` VALUES (2, 'telepon', 'telepon', '085288882994', '0');
INSERT INTO `config_system` VALUES (3, 'email', 'email', 'mpampam5@mail.com', '0');
INSERT INTO `config_system` VALUES (4, 'domain', 'domain', 'www.tester.com', '0');
INSERT INTO `config_system` VALUES (5, 'alamat', 'alamat', 'jl. muhajirin raya', '0');
INSERT INTO `config_system` VALUES (50, 'status_smtp', 'status_smtp', NULL, '0');
INSERT INTO `config_system` VALUES (51, 'email_smtp', 'email_smtp', 'mpampam5@gmail.com', '0');
INSERT INTO `config_system` VALUES (52, 'host_smtp', 'host_smtp', 'ssl://niagahoster.com', '0');
INSERT INTO `config_system` VALUES (53, 'port_smtp', 'port_smtp', '465', '0');
INSERT INTO `config_system` VALUES (54, 'password_smtp', 'password_smtp', 'A1kA1DfFtZ0EimcxcDlhVj9VA1G8Idd7l5Iktqj2jxhDW6+v08X5BTguLYpiYu305oU2POZY1AGwL/1BEnOa5g==', '0');
INSERT INTO `config_system` VALUES (100, 'key token', 'key_token', 'indonesia', '0');
INSERT INTO `config_system` VALUES (999, 'maintenance', 'maintenance', NULL, '0');

-- ----------------------------
-- Table structure for level
-- ----------------------------
DROP TABLE IF EXISTS `level`;
CREATE TABLE `level`  (
  `id_level` int(11) NOT NULL AUTO_INCREMENT,
  `level` varchar(255) CHARACTER SET latin1 COLLATE latin1_swedish_ci NULL DEFAULT NULL,
  `slug` varchar(255) CHARACTER SET latin1 COLLATE latin1_swedish_ci NULL DEFAULT NULL,
  `created` datetime(0) NULL DEFAULT NULL,
  `modified` datetime(0) NULL DEFAULT NULL,
  `is_delete` enum('0','1') CHARACTER SET latin1 COLLATE latin1_swedish_ci NULL DEFAULT '0',
  PRIMARY KEY (`id_level`) USING BTREE
) ENGINE = InnoDB AUTO_INCREMENT = 3 CHARACTER SET = latin1 COLLATE = latin1_swedish_ci ROW_FORMAT = Compact;

-- ----------------------------
-- Records of level
-- ----------------------------
INSERT INTO `level` VALUES (1, 'xadmin', 'xadmin', '2020-02-14 00:03:45', NULL, '0');
INSERT INTO `level` VALUES (2, 'superadmin', 'superadmin', '2020-02-14 00:00:08', '0000-00-00 00:00:00', '0');

-- ----------------------------
-- Table structure for main_menu
-- ----------------------------
DROP TABLE IF EXISTS `main_menu`;
CREATE TABLE `main_menu`  (
  `id_menu` int(11) NOT NULL AUTO_INCREMENT,
  `is_parent` int(11) NULL DEFAULT NULL,
  `menu` varchar(50) CHARACTER SET latin1 COLLATE latin1_swedish_ci NULL DEFAULT NULL,
  `slug` varchar(50) CHARACTER SET latin1 COLLATE latin1_swedish_ci NULL DEFAULT NULL,
  `controller` varchar(50) CHARACTER SET latin1 COLLATE latin1_swedish_ci NULL DEFAULT NULL,
  `icon` varchar(50) CHARACTER SET latin1 COLLATE latin1_swedish_ci NULL DEFAULT NULL,
  `is_active` enum('0','1') CHARACTER SET latin1 COLLATE latin1_swedish_ci NULL DEFAULT NULL,
  `sort` int(11) NULL DEFAULT NULL,
  `created` datetime(0) NULL DEFAULT NULL,
  `modified` datetime(0) NULL DEFAULT NULL,
  PRIMARY KEY (`id_menu`) USING BTREE
) ENGINE = InnoDB AUTO_INCREMENT = 14 CHARACTER SET = latin1 COLLATE = latin1_swedish_ci ROW_FORMAT = Compact;

-- ----------------------------
-- Records of main_menu
-- ----------------------------
INSERT INTO `main_menu` VALUES (1, 6, 'administrator', 'administrator', 'administrator', '', '1', 9, '2020-02-22 03:44:16', '2020-02-26 06:46:00');
INSERT INTO `main_menu` VALUES (2, 6, 'level', 'level', 'level', NULL, '1', 10, '2020-02-16 03:45:24', NULL);
INSERT INTO `main_menu` VALUES (3, 7, 'main menu', 'main-menu', 'main_menu', '', '1', 7, '2020-02-15 06:48:31', '2020-02-26 06:42:58');
INSERT INTO `main_menu` VALUES (6, 0, 'managemen admin', 'managemen-admin', '', 'fa fa-user-circle-o', NULL, 8, '2020-02-25 04:57:02', NULL);
INSERT INTO `main_menu` VALUES (7, 0, 'pengaturan', 'pengaturan', '', 'ion-gear-b', NULL, 5, '2020-02-26 06:42:29', '2020-02-26 06:43:24');
INSERT INTO `main_menu` VALUES (8, 7, 'pengaturan umum', 'pengaturan-umum', 'setting_umum', '', NULL, 6, '2020-02-26 06:43:50', NULL);
INSERT INTO `main_menu` VALUES (11, 0, 'list post', 'list-post', '', 'ion-clipboard', NULL, 2, '2020-03-02 10:38:45', '2020-03-03 05:13:10');
INSERT INTO `main_menu` VALUES (12, 11, 'kategori', 'kategori', 'kategori', '', NULL, 4, '2020-03-02 10:39:00', '2020-03-02 10:39:50');
INSERT INTO `main_menu` VALUES (13, 11, 'post', 'post', 'post', 'ion-clipboard', NULL, 3, '2020-03-02 10:49:54', '2020-03-02 11:54:29');

-- ----------------------------
-- Table structure for rule_level
-- ----------------------------
DROP TABLE IF EXISTS `rule_level`;
CREATE TABLE `rule_level`  (
  `id_rule_level` int(11) NOT NULL AUTO_INCREMENT,
  `id_level` int(11) NULL DEFAULT NULL,
  `id_main_menu` int(11) NULL DEFAULT NULL,
  PRIMARY KEY (`id_rule_level`) USING BTREE,
  INDEX `id_level`(`id_level`) USING BTREE,
  INDEX `id_main_menu`(`id_main_menu`) USING BTREE,
  INDEX `id_main_menu_2`(`id_main_menu`) USING BTREE,
  CONSTRAINT `levels` FOREIGN KEY (`id_level`) REFERENCES `level` (`id_level`) ON DELETE CASCADE ON UPDATE RESTRICT,
  CONSTRAINT `main_menus` FOREIGN KEY (`id_main_menu`) REFERENCES `main_menu` (`id_menu`) ON DELETE CASCADE ON UPDATE RESTRICT
) ENGINE = InnoDB AUTO_INCREMENT = 43 CHARACTER SET = latin1 COLLATE = latin1_swedish_ci ROW_FORMAT = Compact;

-- ----------------------------
-- Records of rule_level
-- ----------------------------
INSERT INTO `rule_level` VALUES (37, 1, 13);
INSERT INTO `rule_level` VALUES (38, 1, 12);
INSERT INTO `rule_level` VALUES (39, 1, 8);
INSERT INTO `rule_level` VALUES (40, 1, 3);
INSERT INTO `rule_level` VALUES (41, 1, 1);
INSERT INTO `rule_level` VALUES (42, 1, 2);

-- ----------------------------
-- Table structure for user
-- ----------------------------
DROP TABLE IF EXISTS `user`;
CREATE TABLE `user`  (
  `id_user` int(11) NOT NULL AUTO_INCREMENT,
  `nama` varchar(100) CHARACTER SET latin1 COLLATE latin1_swedish_ci NULL DEFAULT NULL,
  `email` varchar(100) CHARACTER SET latin1 COLLATE latin1_swedish_ci NULL DEFAULT NULL,
  `password` varchar(100) CHARACTER SET latin1 COLLATE latin1_swedish_ci NULL DEFAULT NULL,
  `token` varchar(100) CHARACTER SET latin1 COLLATE latin1_swedish_ci NULL DEFAULT NULL,
  `is_active` enum('0','1') CHARACTER SET latin1 COLLATE latin1_swedish_ci NULL DEFAULT '1',
  `created` datetime(0) NULL DEFAULT NULL,
  `modified` datetime(0) NULL DEFAULT NULL,
  `is_delete` enum('0','1') CHARACTER SET latin1 COLLATE latin1_swedish_ci NULL DEFAULT '0',
  PRIMARY KEY (`id_user`) USING BTREE
) ENGINE = InnoDB AUTO_INCREMENT = 4 CHARACTER SET = latin1 COLLATE = latin1_swedish_ci ROW_FORMAT = Compact;

-- ----------------------------
-- Records of user
-- ----------------------------
INSERT INTO `user` VALUES (1, 'superadmin', 'mpampam@mail.com', '$2y$10$/LXc2T9H9cIfSVT0CSP01.wPWieXSIKqcFNM4CzBEDXx9qhWwsGx6', 'mpampam', '1', '2020-02-14 00:01:19', NULL, '0');
INSERT INTO `user` VALUES (2, 'Admin Web', 'admin@mail.com', '$2y$10$Qhp//ouyM9EEnNXgndBEIeJabxu.KOy8BcLlned2ssvXZWV2Xf0uO', 'mpampam2020021819425', '1', '2020-02-16 05:29:03', '2020-03-02 09:46:24', '0');
INSERT INTO `user` VALUES (3, 'dsadsa', 'a@mail.com', '$2y$10$Sjh5uYDTNnIH7cSy8zoJWumXCnqMZu13VDQ87BdNKwVtdg7MB.Vxu', 'indonesia20200302093', '1', '2020-03-02 09:33:13', NULL, '1');

-- ----------------------------
-- Table structure for user_level
-- ----------------------------
DROP TABLE IF EXISTS `user_level`;
CREATE TABLE `user_level`  (
  `id_user_level` int(11) NOT NULL AUTO_INCREMENT,
  `id_user` int(11) NOT NULL,
  `id_level` int(11) NULL DEFAULT NULL,
  PRIMARY KEY (`id_user_level`) USING BTREE
) ENGINE = InnoDB AUTO_INCREMENT = 4 CHARACTER SET = latin1 COLLATE = latin1_swedish_ci ROW_FORMAT = Compact;

-- ----------------------------
-- Records of user_level
-- ----------------------------
INSERT INTO `user_level` VALUES (1, 1, 1);
INSERT INTO `user_level` VALUES (2, 2, 2);
INSERT INTO `user_level` VALUES (3, 3, 2);

SET FOREIGN_KEY_CHECKS = 1;
